-- Backup taken by python script on 2006-09-15 17:04:36 
FLUSH TABLES WITH READ LOCK;
INSERT INTO care_address_citytown (`nr`, `unece_modifier`, `unece_locode`, `name`, `zip_code`, `iso_country_id`, `unece_locode_type`, `unece_coordinates`, `info_url`, `use_frequency`, `status`, `history`, `block`, `district`, `state`, `modify_id`, `modify_time`, `create_id`, `create_time) VALUES 
(1, '', '', 'Dimapur', '9898776', 'IND', 0, '', '', 1, '', '', 'block address', 'Dimapur', 'Nagaland', 'admin', '2006-06-16', 'admin', '2006-07-03'),
(2, '', '', 'Cantralia', '12345', 'ind', 0, '', '', 2, '', '', 'block address', 'district location', 'Nagaland', 'Wesley', '2006-05-19', 'wes', '2006-09-12'),
(3, '', '', 'Ao Kashiram', '123321', 'ind', Null, '', '', 3, '', '', 'The block', 'district location', 'Nagaland', 'admin', '2006-05-24', 'admin', '2006-09-12'),
(4, '', '', 'Kohima', '123321', 'ind', Null, '', '', 4, '', '', 'block address', 'district location', 'Nagaland', 'admin', '2006-05-24', 'admin', '2006-09-12'),
(5, '', '', 'Kolkata', '123432', 'ind', Null, '', '', 5, '', '', 'unknown', 'unknown', 'West Bengal', 'wesley', '2006-05-25', '', '2006-09-12'),
(6, '', '', 'Winnipeg', 'R2G 1W8', 'CAN', Null, '', '', 6, '', '', '', 'North Kildonan', 'Manitoba', 'wesley', '2006-05-25', '', '2006-09-12'),
(7, '', '', 'Sydney', '432234', 'AUS', Null, '', '', 7, '', '', 'unknown', 'unknown', 'I can\'t remember', 'wesley', '2006-05-25', '', '2006-09-12'),
(24, 'Te', 'TeSt', 'TeSt', 'Unknown', 'IND', 33, 'TeSt', 'TeSt', 8, 'TeSt', 'TeSt', 'TeSt', 'TeSt', 'Nagaland', 'unknown', '2006-06-12', 'unknown', '2006-09-12'),
(120, Null, Null, 'Kohima', '1234567', 'IND', Null, Null, Null, 9, Null, Null, 'Block', 'Kohima', 'Nagaland', 'care2x_admin', '2006-07-03', 'care2x_admin', '2006-09-12'),
(121, Null, Null, 'New York', 'Unknown', 'AUD', 0, Null, Null, 10, Null, Null, 'unknown', 'unkown', 'New York', 'admin', '2006-07-05', 'admin', '2006-09-12');

INSERT INTO care_appointment (`nr`, `pid`, `date`, `time`, `to_dept_id`, `to_dept_nr`, `to_personell_nr`, `to_personell_name`, `purpose`, `urgency`, `remind`, `remind_email`, `remind_mail`, `remind_phone`, `appt_status`, `cancel_by`, `cancel_date`, `cancel_reason`, `encounter_class_nr`, `encounter_nr`, `status`, `history`, `modify_id`, `modify_time`, `create_id`, `create_time) VALUES 
(5, 5, '2006-06-13', '23:22:39', 'TeSt', 5, 5, 'TeSt', 'TeSt', 5, 1, 1, 1, 1, 'TeSt', 'TeSt', '2006-06-13', 'TeSt', 1, 5, 'TeSt', 'TeSt', 'unknown', '2006-06-13', 'unknown', '2006-06-13');

INSERT INTO care_billing_bill (`bill_bill_no`, `bill_encounter_nr`, `bill_date_time`, `bill_amount`, `bill_outstanding`, `modify_id`, `modify_time`, `create_id`, `create_time) VALUES 
(1, 0, '2006-06-12', 33.0, 33.0, 'unknown', '2006-06-12', 'unknown', '2006-06-12');

INSERT INTO care_billing_final (`final_id`, `final_encounter_nr`, `final_bill_no`, `final_date`, `final_total_bill_amount`, `final_discount`, `final_total_receipt_amount`, `final_amount_due`, `final_amount_recieved) VALUES 
(1, 0, 0, '2006-06-10', 33.0, 33, 33.0, 33.0, 33.0),
(2, 0, 0, '2006-06-10', 33.0, 33, 33.0, 33.0, 33.0),
(3, 0, 0, '2006-06-12', 33.0, 33, 33.0, 33.0, 33.0);

INSERT INTO care_billing_item (`item_code`, `item_description`, `item_unit_cost`, `item_type`, `item_discount_max_allowed`, `modify_id`, `modify_time`, `create_id`, `create_time`, `item_status`, `item_id) VALUES 
('xray', 'X ray service charge', 100.0, 'service', 1, 'admin', '2006-05-25', 'wesley', '2006-05-25', '', 1),
('reg', 'Patient Registration', 25.0, 'Service', 0, 'admin', '2006-06-01', 'wesley', '2006-06-01', '', 2),
('bkprn', 'Book label printing', 25.0, 'Service', 0, 'wesley', '2006-06-01', 'wesley', '2006-06-01', '', 3),
('exm', 'Initial Examination', 30.0, 'Service', 0, 'wesley', '2006-06-01', 'wesley', '2006-06-01', '', 4),
('test', 'Test Item', 90.0, 'test', 0, 'admin', '2006-06-05', 'admin', '2006-06-05', '', 7),
('TeSt', 'TeSt', 33.0, 'TeSt', 0, 'admin', '2006-06-19', 'unknown', '2006-06-10', 'TeSt', 8),
('TeSt', 'TeSt', 33.0, 'TeSt', 1, 'unknown', '2006-06-10', 'unknown', '2006-06-10', 'TeSt', 9),
('TeSt', 'TeSt', 33.0, 'TeSt', 1, 'unknown', '2006-06-10', 'unknown', '2006-06-10', 'TeSt', 10),
('TeSt', 'TeSt', 33.0, 'TeSt', 1, 'unknown', '2006-06-10', 'unknown', '2006-06-10', 'TeSt', 11),
('TeSt', 'TeSt', 33.0, 'TeSt', 1, 'unknown', '2006-06-10', 'unknown', '2006-06-10', 'TeSt', 12),
('TeSt', 'TeSt', 33.0, 'TeSt', 1, 'unknown', '2006-06-10', 'unknown', '2006-06-10', 'TeSt', 13),
('TeSt', 'TeSt', 33.0, 'TeSt', 1, 'unknown', '2006-06-10', 'unknown', '2006-06-10', 'TeSt', 14),
('TeSt', 'TeSt', 33.0, 'TeSt', 1, 'unknown', '2006-06-12', 'unknown', '2006-06-12', 'TeSt', 15);

INSERT INTO care_category_diagnosis (`nr`, `category`, `name`, `LD_var`, `short_code`, `LD_var_short_code`, `description`, `hide_from`, `status`, `history`, `modify_id`, `modify_time`, `create_id`, `create_time) VALUES 
(1, 'most_responsible', 'Most responsible', 'LDMostResponsible', 'M', 'LDMostResp_s', 'Most responsible diagnosis, must be only one per admission or visit', '0', '', '', '', '2003-05-25', '', Null),
(2, 'associated', 'Associated', 'LDAssociated', 'A', 'LDAssociated_s', 'Associated diagnosis, can be several per  admission or visit', '0', '', '', '', '2003-05-25', '', Null),
(3, 'nosocomial', 'Hospital acquired', 'LDNosocomial', 'N', 'LDNosocomial_s', 'Hospital acquired problem, can be several per admission or visit', '0', '', '', '', '2003-05-25', '', Null),
(4, 'iatrogenic', 'Iatrogenic', 'LDIatrogenic', 'I', 'LDIatrogenic_s', 'Problem resulting from a procedural/surgical complication or medication mistake', '0', '', '', '', '2003-05-25', '', Null),
(5, 'other', 'Other', 'LDOther', 'O', 'LDOther_s', 'Other  diagnosis', '0', '', '', '', '2003-05-25', '', Null);

INSERT INTO care_category_disease (`nr`, `group_nr`, `category`, `name`, `LD_var`, `status`, `modify_id`, `modify_time`, `create_id`, `create_time) VALUES 
(1, 2, 'asphyxia', 'Asphyxia', 'LDAsphyxia', '', '', Null, '', Null),
(2, 2, 'infection', 'Infection', 'LDInfection', '', '', Null, '', Null),
(3, 2, 'congenital_abnomality', 'Congenital abnormality', 'LDCongenitalAbnormality', '', '', Null, '', Null),
(4, 2, 'trauma', 'Trauma', 'LDTrauma', '', '', Null, '', Null);

INSERT INTO care_category_procedure (`nr`, `category`, `name`, `LD_var`, `short_code`, `LD_var_short_code`, `description`, `hide_from`, `status`, `history`, `modify_id`, `modify_time`, `create_id`, `create_time) VALUES 
(1, 'main', 'Main', 'LDMain', 'M', 'LDMain_s', 'Main procedure, must be only one per op or intervention visit', '0', '', '', '', '2003-06-14', '', Null),
(2, 'supplemental', 'Supplemental', 'LDSupplemental', 'S', 'LDSupp_s', 'Supplemental procedure, can be several per  encounter op or intervention or visit', '0', '', '', '', '2003-06-14', '', Null);

INSERT INTO care_class_encounter (`class_nr`, `class_id`, `name`, `LD_var`, `description`, `hide_from`, `status`, `history`, `modify_id`, `modify_time`, `create_id`, `create_time) VALUES 
(1, 'inpatient', 'Inpatient', 'LDStationary', 'Inpatient admission - stays at least in a ward and assigned a bed', 0, '', '', '', Null, '', Null),
(2, 'outpatient', 'Outpatient', 'LDAmbulant', 'Outpatient visit - does not stay in a ward nor assigned a bed', 0, '', '', '', Null, '', Null);

INSERT INTO care_class_ethnic_orig (`nr`, `name`, `LD_var`, `status`, `modify_id`, `modify_time`, `create_id`, `create_time) VALUES 
(1, 'race', 'LDRace', '', '', Null, '', Null),
(2, 'country', 'LDCountry', '', '', Null, '', Null);

INSERT INTO care_class_financial (`class_nr`, `class_id`, `type`, `code`, `name`, `LD_var`, `description`, `policy`, `status`, `history`, `modify_id`, `modify_time`, `create_id`, `create_time) VALUES 
(1, 'care_c', 'care', 'c', 'common', 'LDcommon', 'Common nursing care services. (Non-private)', 'Patient with common health fund insurance policy.', '', '', '', '2002-12-29', '', Null),
(2, 'care_pc', 'care', 'p/c', 'private + common', 'LDprivatecommon', 'Private services added to common services', 'Patient with common health fund insurance\r\npolicy with additional private insurance policy\r\nOR self paying components.', '', '', '', '2002-12-29', '', '2002-12-29'),
(3, 'care_p', 'care', 'p', 'private', 'LDprivate', 'Private nursing care services', 'Patient with private insurance policy\r\nOR self paying.', 'LDprivate', '', '', Null, '', Null),
(4, 'care_pp', 'care', 'pp', 'private plus', 'LDprivateplus', '\"Very private\" nursing care services', 'Patient with private health insurance policy\r\nAND self paying components.', '', '', '', Null, '', Null),
(5, 'room_c', 'room', 'c', 'common', 'LDcommon', 'Common room services (non-private)', 'Patient with common health fund insurance policy. ', 'LDcommon', '', '', Null, '', Null),
(6, 'room_pc', 'room', 'p/c', 'private + common', '', 'Private services added to common services', 'Patient with common health fund insurance policy with additional private insurance policy OR self paying components.', '', '', '', Null, '', Null),
(7, 'room_p', 'room', 'p', 'private', '', 'Private room services', 'Patient with private insurance policy OR self paying. ', '', '', '', Null, '', Null),
(8, 'room_pp', 'room', 'pp', 'private plus', '', '\"Very private\" room services', 'Patient with private health insurance policy AND self paying components.', '', '', '', Null, '', Null),
(9, 'att_dr_c', 'att_dr', 'c', 'common', '', 'Common clinician services', 'Patient with common health fund insurance policy. ', '', '', '', Null, '', Null),
(10, 'att_dr_pc', 'att_dr', 'p/c', 'private + common', '', 'Private services added to common clinician services', 'Patient with common health fund insurance policy with additional private insurance policy OR self paying components.', '', '', '', Null, '', Null),
(11, 'att_dr_p', 'att_dr', 'p', 'private', '', 'Private clinician services', 'Patient with private insurance policy OR self paying.', '', '', '', Null, '', Null),
(12, 'att_dr_pp', 'att_dr', 'pp', 'private plus', '', '\"Very private\" clinician services', 'Patient with private health insurance policy AND self paying components.', '', '', '', Null, '', Null);

INSERT INTO care_class_insurance (`class_nr`, `class_id`, `name`, `LD_var`, `description`, `status`, `history`, `modify_id`, `modify_time`, `create_id`, `create_time) VALUES 
(1, 'private', 'Private', 'LDPrivate', 'Private insurance plan (paid by insured alone)', '', '', '', '2006-06-02', '', '2006-06-02'),
(2, 'common', 'Health Fund', 'LDInsurance', 'Public (common) health fund - usually paid both by the insured and his employer, eventually paid by the state', '', '', '', Null, '', Null),
(3, 'self_pay', 'Self pay', 'LDSelfPay', '', '', '', '', Null, '', Null);

INSERT INTO care_class_therapy (`nr`, `group_nr`, `class`, `name`, `LD_var`, `description`, `status`, `modify_id`, `modify_time`, `create_id`, `create_time) VALUES 
(1, 2, 'photo', 'Phototherapy', 'LDPhototherapy', '', '', '', Null, '', Null),
(2, 2, 'iv', 'IV Fluids', 'LDIVFluids', '', '', '', Null, '', Null),
(3, 2, 'oxygen', 'Oxygen therapy', 'LDOxygenTherapy', '', '', '', Null, '', Null),
(4, 2, 'cpap', 'CPAP', 'LDCPAP', '', '', '', Null, '', Null),
(5, 2, 'ippv', 'IPPV', 'LDIPPV', '', '', '', Null, '', Null),
(6, 2, 'nec', 'NEC', 'LDNEC', '', '', '', Null, '', Null),
(7, 2, 'tpn', 'TPN', 'LDTPN', '', '', '', Null, '', Null),
(8, 2, 'hie', 'HIE', 'LDHIE', '', '', '', Null, '', Null);

INSERT INTO care_classif_neonatal (`nr`, `id`, `name`, `LD_var`, `description`, `status`, `modify_id`, `modify_time`, `create_id`, `create_time) VALUES 
(1, 'jaundice', 'Neonatal jaundice', 'LDNeonatalJaundice', Null, '', '', '2003-08-07', '', Null),
(2, 'x_transfusion', 'Exchange transfusion', 'LDExchangeTransfusion', Null, '', '', Null, '', Null),
(3, 'photo_therapy', 'Photo therapy', 'LDPhotoTherapy', Null, '', '', Null, '', Null),
(4, 'h_i_encep', 'Hypoxic ischaemic encephalopathy', 'LDH_I_Encephalopathy', Null, '', '', Null, '', Null),
(5, 'parenteral', 'Parenteral nutrition', 'LDParenteralNutrition', Null, '', '', Null, '', Null),
(6, 'vent_support', 'Ventilatory support', 'LDVentilatorySupport', Null, '', '', Null, '', Null),
(7, 'oxygen_therapy', 'Oxygen therapy', 'LDOxygenTherapy', Null, '', '', Null, '', Null),
(8, 'cpap', 'CPAP', 'LDCPAP', 'Continuous positive airway pressure', '', '', Null, '', Null),
(9, 'congenital_abnormality', 'Congenital abnormality', 'LDCongenitalAbnormality', Null, '', '', Null, '', Null),
(10, 'congenital_infection', 'Congenital infection', 'LDCongenitalInfection', Null, '', '', Null, '', Null),
(11, 'acquired_infection', 'Acquired infection', 'LDAcquiredInfection', Null, '', '', Null, '', Null),
(12, 'gbs_infection', 'GBS infection', 'LDGBSInfection', 'Group B Strep Infection', '', '', Null, '', Null),
(13, 'rds', 'Resp Distress Syndrome', 'LDRespDistressSyndrome', Null, '', '', Null, '', Null),
(14, 'blood_transfusion', 'Blood transfusion', 'LDBloodTransfusion', Null, '', '', Null, '', Null),
(15, 'antibiotic_therapy', 'Antibiotic therapy', 'LDAntibioticTherapy', Null, '', '', Null, '', Null),
(16, 'necrotising_enterocolitis', 'Necrotising enterocolitis', 'LDNecrotisingEnterocolitis', Null, '', '', '2003-08-07', '', Null);

INSERT INTO care_complication (`nr`, `group_nr`, `name`, `LD_var`, `code`, `description`, `status`, `modify_id`, `modify_time`, `create_id`, `create_time) VALUES 
(1, 1, 'Previous C/S', 'LDPreviousCS', '', '', '', '', Null, '', Null),
(2, 1, 'Pre-eclampsia', 'LDPreEclampsia', '', '', '', '', Null, '', Null),
(3, 1, 'Eclampsia', 'LDEclampsia', '', '', '', '', Null, '', Null),
(4, 1, 'Other hypertension', 'LDOtherHypertension', '', '', '', '', Null, '', Null),
(5, 1, 'Other proteinuria', 'LDProteinuria', '', '', '', '', Null, '', Null),
(6, 1, 'Cardiac', 'LDCardiac', '', '', '', '', Null, '', Null),
(7, 1, 'Anaemia < 8.5g', 'LDAnaemia', '', '', '', '', Null, '', Null),
(8, 1, 'Asthma', 'LDAsthma', '', '', '', '', Null, '', Null),
(9, 1, 'Epilepsy', 'LDEpilepsy', '', '', '', '', Null, '', Null),
(10, 1, 'Placenta praevia', 'LDPlacentaPraevia', '', '', '', '', Null, '', Null),
(11, 1, 'Abruptio placentae', 'LDAbruptioPlacentae', '', '', '', '', Null, '', Null),
(12, 1, 'Other APH', 'LDOtherAPH', '', '', '', '', Null, '', Null),
(13, 1, 'Diabetes', 'LDDiabetes', '', '', '', '', Null, '', Null),
(14, 1, 'Cord prolapse', 'LDCordProlapse', '', '', '', '', Null, '', Null),
(15, 1, 'Ruptured uterus', 'LDRupturedUterus', '', '', '', '', Null, '', Null),
(16, 1, 'Extrauterine pregnancy', 'LDExtraUterinePregnancy', '', '', '', '', Null, '', Null);

INSERT INTO care_config_global (`type`, `value`, `notes`, `status`, `history`, `modify_id`, `modify_time`, `create_id`, `create_time) VALUES 
('date_format', 'dd/MM/yyyy', '', '', '', '', Null, '', Null),
('time_format', 'HH.MM', '', '', '', '', Null, '', Null),
('patient_reg_nr_adder', '10000000', '', '', '', '', Null, '', Null),
('main_info_police_nr', '11?', '', '', '', '', Null, '', Null),
('main_info_fire_dept_nr', '12?', '', '', '', '', Null, '', Null),
('main_info_emgcy_nr', '13?', '', '', '', '', Null, '', Null),
('main_info_phone', '1234567', '', '', '', '', Null, '', Null),
('main_info_fax', '567890', '', '', '', '', Null, '', Null),
('main_info_address', 'Virtualstr. 89AA\r\nCyberia 89300\r\nLas Vegas County', '', '', '', '', Null, '', Null),
('main_info_email', 'contact@care2x.com', '', '', '', '', Null, '', Null),
('person_id_nr_adder', '10000000', '', '', '', '', Null, '', Null),
('patient_outpatient_nr_adder', '500000', '', '', '', '', Null, '', Null),
('patient_inpatient_nr_adder', '0', '', '', '', '', Null, '', Null),
('person_name_2_hide', '0', '', '', '', '', Null, '', Null),
('person_name_3_hide', '0', '', '', '', '', Null, '', Null),
('person_name_middle_hide', '0', '', '', '', '', Null, '', Null),
('person_name_maiden_hide', '0', '', '', '', '', Null, '', Null),
('person_ethnic_orig_hide', '0', '', '', '', '', Null, '', Null),
('person_name_others_hide', '0', '', '', '', '', Null, '', Null),
('person_nat_id_nr_hide', '0', '', '', '', '', Null, '', Null),
('person_religion_hide', '0', '', '', '', '', Null, '', Null),
('person_cellphone_2_nr_hide', '0', '', '', '', '', Null, '', Null),
('person_phone_2_nr_hide', '0', '', '', '', '', Null, '', Null),
('person_citizenship_hide', '0', '', '', '', '', Null, '', Null),
('person_sss_nr_hide', '0', '', '', '', '', Null, '', Null),
('language_default', 'en', '', '', '', '', Null, '', Null),
('language_single', '0', '', '', '', '', Null, '', Null),
('mascot_hide', '', '', '', '', '', Null, '', Null),
('mascot_style', 'default', '', '', '', '', Null, '', Null),
('gui_frame_left_nav_width', '150', '', '', '', '', Null, '', Null),
('gui_frame_left_nav_border', '1', '', '', '', '', Null, '', Null),
('news_fotos_path', 'fotos/news/', '', '', '', '', Null, '', Null),
('news_headline_title_font_size', '5', '', '', '', '', Null, '', Null),
('news_headline_title_font_face', 'arial,verdana,helvetica,sans serif', '', '', '', '', Null, '', Null),
('news_headline_title_font_color', '#CC3333', '', '', '', '', Null, '', Null),
('news_headline_preface_font_size', '2', '', '', '', '', Null, '', Null),
('news_headline_preface_font_face', 'arial,verdana,helvetica,sans serif', '', '', '', '', Null, '', Null),
('news_headline_preface_font_color', '#336666', '', '', '', '', Null, '', Null),
('news_headline_body_font_size', '2', '', '', '', '', Null, '', Null),
('news_headline_body_font_face', 'arial,verdana,helvetica,sans serif', '', '', '', '', Null, '', Null),
('news_headline_body_font_color', '#000033', '', '', '', '', Null, '', Null),
('news_normal_preview_maxlen', '600', '', '', '', '', Null, '', Null),
('news_headline_title_font_bold', '1', '', '', '', '', Null, '', Null),
('news_headline_preface_font_bold', '', '', '', '', '', Null, '', Null),
('news_normal_display_width', '100%', '', '', '', '', Null, '', Null),
('person_fax_hide', '0', '', '', '', '', Null, '', Null),
('person_email_hide', '0', '', '', '', '', Null, '', Null),
('person_phone_1_nr_hide', '0', '', '', '', '', Null, '', Null),
('person_cellphone_1_nr_hide', '0', '', '', '', '', Null, '', Null),
('person_foto_path', 'fotos/registration/', '', '', '', '', Null, '', Null),
('patient_service_care_hide', '1', '', '', '', '', Null, '', Null),
('patient_service_room_hide', '1', '', '', '', '', Null, '', Null),
('patient_service_att_dr_hide', '1', '', '', '', '', Null, '', Null),
('patient_financial_class_single_result', '0', '', '', '', '', Null, '', Null),
('patient_name_2_show', '1', '', '', '', '', Null, '', Null),
('patient_name_3_show', '1', '', '', '', '', Null, '', Null),
('patient_name_middle_show', '1', '', '', '', '', Null, '', Null),
('theme_control_buttons', 'default', '', '', '', '', Null, '', Null),
('gui_frame_left_nav_bdcolor', '#990000', '', '', '', '', Null, '', Null),
('theme_control_theme_list', 'default,blue_aqua', '', '', '', '', Null, '', Null),
('medocs_text_preview_maxlen', '100', '', '', '', '', Null, '', Null),
('personell_nr_adder', '100000', '', '', '', '', Null, '', Null),
('notes_preview_maxlen', '120', '', '', '', '', Null, '', Null),
('person_id_nr_init', '10000000', '', '', '', '', Null, '', Null),
('personell_nr_init', '100000', '', '', '', '', Null, '', Null),
('encounter_nr_init', '000000', '', '', '', '', Null, '', Null),
('encounter_nr_fullyear_prepend', '1', '', '', '', '', Null, '', Null),
('theme_mascot', 'default', '', '', '', '', Null, '', Null),
('pagin_address_list_max_block_rows', '20', '', '', '', '', Null, '', Null),
('pagin_address_search_max_block_rows', '25', '', '', '', '', Null, '', Null),
('pagin_insurance_list_max_block_rows', '30', '', '', '', '', Null, '', Null),
('pagin_insurance_search_max_block_rows', '25', '', '', '', '', Null, '', Null),
('pagin_personell_search_max_block_rows', '20', '', '', '', '', Null, '', Null),
('pagin_person_search_max_block_rows', '20', '', '', '', '', Null, '', Null),
('pagin_personell_list_max_block_rows', '20', '', '', '', '', Null, '', Null),
('pagin_patient_search_max_block_rows', '20', '', '', '', '', Null, '', Null),
('pagin_or_patient_search_max_block_rows', '5', '', '', '', '', Null, '', Null),
('timeout_inactive', '0', '', '', '', '', Null, '', Null),
('timeout_time', '001500', '', '', '', '', Null, '', Null),
('person_title_hide', '0', Null, 'normal', '', '', Null, '', Null),
('person_bloodgroup_hide', '0', Null, 'normal', '', '', Null, '', Null),
('person_civilstatus_hide', '0', Null, 'normal', '', '', Null, '', Null),
('person_insurance_hide', '0', Null, 'normal', '', '', Null, '', Null),
('person_other_his_nr_hide', '0', Null, 'normal', '', '', Null, '', Null);

INSERT INTO care_config_user (`user_id`, `serial_config_data`, `notes`, `status`, `history`, `modify_id`, `modify_time`, `create_id`, `create_time) VALUES 
('default', 'a:19:{s:4:\"mask\";s:1:\"1\";s:11:\"idx_bgcolor\";s:7:\"#99ccff\";s:12:\"idx_txtcolor\";s:7:\"#000066\";s:9:\"idx_hover\";s:7:\"#ffffcc\";s:9:\"idx_alink\";s:7:\"#ffffff\";s:11:\"top_bgcolor\";s:7:\"#99ccff\";s:12:\"top_txtcolor\";s:7:\"#330066\";s:12:\"body_bgcolor\";s:7:\"#ffffff\";s:13:\"body_txtcolor\";s:7:\"#000066\";s:10:\"body_hover\";s:7:\"#cc0033\";s:10:\"body_alink\";s:7:\"#cc0000\";s:11:\"bot_bgcolor\";s:7:\"#cccccc\";s:12:\"bot_txtcolor\";s:4:\"gray\";s:5:\"bname\";s:0:\"\";s:8:\"bversion\";s:0:\"\";s:2:\"ip\";s:0:\"\";s:3:\"cid\";s:0:\"\";s:5:\"dhtml\";s:1:\"1\";s:4:\"lang\";s:0:\"\";}', '', '', '', '', '2003-02-10', '', Null);

INSERT INTO care_currency (`item_no`, `short_name`, `long_name`, `info`, `status`, `modify_id`, `modify_time`, `create_id`, `create_time) VALUES 
(13, '?', 'Euro', 'European currency', 'main', 'Elpidio Latorilla', '2003-08-02', '', '2002-11-26'),
(3, 'L', 'Pound', 'GB British Pound (ISO = GBP)', '', '', '2003-02-13', '', '2002-08-16'),
(10, 'R', 'Rand', 'South African Rand (ISO = ZAR)', '', '', '2003-08-02', 'Elpidio Latorilla', '2002-08-17'),
(8, 'R', 'Rupees', 'Indian Rupees (ISO = INR)', '', '', '2003-02-13', 'Elpidio Latorilla', '2002-09-20');

INSERT INTO care_department (`nr`, `id`, `type`, `name_formal`, `name_short`, `name_alternate`, `LD_var`, `description`, `admit_inpatient`, `admit_outpatient`, `has_oncall_doc`, `has_oncall_nurse`, `does_surgery`, `this_institution`, `is_sub_dept`, `parent_dept_nr`, `work_hours`, `consult_hours`, `is_inactive`, `sort_order`, `address`, `sig_line`, `sig_stamp`, `logo_mime_type`, `status`, `history`, `modify_id`, `modify_time`, `create_id`, `create_time) VALUES 
(1, 'pr', '2', 'Public Relations', 'PR', 'Press Relations', 'LDPressRelations', '', 0, 0, 1, 1, 0, 1, 0, 0, '', '', 0, 0, Null, '', '', '', '', '', '', Null, '', Null),
(2, 'cafe', '2', 'Cafeteria', 'Cafe', 'Canteen', 'LDCafeteria', '', 0, 0, 1, 1, 0, 1, 0, 0, '', '', 0, 0, Null, '', '', '', '', '', '', Null, '', Null),
(3, 'general_surgery', '1', 'General Surgery', 'General', 'General', 'LDGeneralSurgery', '', 1, 1, 1, 1, 1, 1, 0, 0, '8.30 - 21.00', '12.30 - 15.00 , 19.00 - 21.00', 0, 0, '', '', '', '', '', '', '', '2003-08-28', '', Null),
(4, 'emergency_surgery', '1', 'Emergency Surgery', 'Emergency', '', 'LDEmergencySurgery', '', 1, 1, 1, 1, 1, 1, 0, 0, '', '12.30 - 15.00 , 19.00 - 21.00', 0, 0, Null, '', '', '', '', '', '', Null, '', Null),
(5, 'plastic_surgery', '1', 'Plastic Surgery', 'Plastic', 'Aesthetic Surgery', 'LDPlasticSurgery', '', 1, 1, 1, 1, 1, 1, 0, 0, '', '12.30 - 15.00 , 19.00 - 21.00', 0, 0, Null, '', '', '', '', '', '', Null, '', Null),
(6, 'ent', '1', 'Ear-Nose-Throath', 'ENT', 'HNO', 'LDEarNoseThroath', 'Ear-Nose-Throath, in german Hals-Nasen-Ohren. The department with  very old traditions that date back to the early beginnings of premodern medicine.', 1, 1, 1, 1, 1, 1, 0, 0, '', '12.30 - 15.00 , 19.00 - 21.00', 0, 0, Null, '', 'kope akjdielj asdlkasdf', '', '', 'Update: 2003-08-13 23:24:16 Elpidio Latorilla\r\nUpdate: 2003-08-13 23:25:27 Elpidio Latorilla\r\nUpdate: 2003-08-13 23:29:05 Elpidio Latorilla\r\nUpdate: 2003-08-13 23:30:21 Elpidio Latorilla\r\nUpdate: 2003-08-13 23:31:52 Elpidio Latorilla\r\nUpdate: 2003-08-13 23:34:08 Elpidio Latorilla\r\n', 'Elpidio Latorilla', '2003-10-19', '', Null),
(7, 'opthalmology', '1', 'Opthalmology', 'Opthalmology', 'Eye Department', 'LDOpthalmology', '', 1, 1, 1, 1, 1, 1, 0, 0, '', '12.30 - 15.00 , 19.00 - 21.00', 0, 0, Null, '', '', '', '', '', '', Null, '', Null),
(8, 'pathology', '1', 'Pathology', 'Pathology', 'Patho', 'LDPathology', '', 0, 0, 1, 1, 0, 1, 0, 0, '', '12.30 - 15.00 , 19.00 - 21.00', 0, 0, '', '', '', '', '', '', '', Null, '', Null),
(9, 'ob_gyn', '1', 'Ob-Gynecology', 'Ob-Gyne', 'Gyn', 'LDObGynecology', '', 1, 1, 1, 1, 1, 1, 0, 0, '', '12.30 - 15.00 , 19.00 - 21.00', 0, 0, Null, '', '', '', '', '', '', Null, '', Null),
(10, 'physical_therapy', '1', 'Physical Therapy', 'Physical', 'PT', 'LDPhysicalTherapy', 'Physical therapy department with on-call therapists. Day care clinics, training, rehab.', 1, 0, 1, 1, 0, 1, 1, 16, '8:00 - 15:00', '12.30 - 15.00 , 19.00 - 21.00', 0, 0, '', '', '', '', '', '', '', '2003-08-28', '', Null),
(11, 'internal_med', '1', 'Internal Medicine', 'Internal Med', 'InMed', 'LDInternalMedicine', '', 1, 1, 1, 1, 0, 1, 0, 0, '', '12.30 - 15.00 , 19.00 - 21.00', 0, 0, '', '', '', '', '', '', '', Null, '', Null),
(12, 'imc', '1', 'Intermediate Care Unit', 'IMC', 'Intermediate', 'LDIntermediateCareUnit', '', 1, 1, 1, 1, 0, 1, 0, 0, '', '12.30 - 15.00 , 19.00 - 21.00', 0, 0, '', '', '', '', '', '', '', Null, '', Null),
(13, 'icu', '1', 'Intensive Care Unit', 'ICU', 'Intensive', 'LDIntensiveCareUnit', '', 1, 1, 1, 1, 0, 1, 0, 0, '', '12.30 - 15.00 , 19.00 - 21.00', 0, 0, '', '', '', '', '', '', '', Null, '', Null),
(14, 'emergency_ambulatory', '1', 'Emergency Ambulatory', 'Emergency', 'Emergency Amb', 'LDEmergencyAmbulatory', '', 0, 1, 1, 1, 0, 1, 1, 4, '', '12.30 - 15.00 , 19.00 - 21.00', 0, 0, '', '', '', '', '', 'Update: 2003-09-23 00:06:27 Elpidio Latorilla\n', 'Elpidio Latorilla', '2003-09-23', '', Null),
(15, 'general_ambulatory', '1', 'General Ambulatory', 'Ambulatory', 'General Amb', 'LDGeneralAmbulatory', '', 0, 1, 1, 1, 0, 1, 1, 3, 'round the clock', '12.30 - 15.00 , 19.00 - 21.00', 0, 0, '', '', '', '', '', '', '', '2003-08-28', '', Null),
(16, 'inmed_ambulatory', '1', 'Internal Medicine Ambulatory', 'InMed Ambulatory', 'InMed Amb', 'LDInternalMedicineAmbulatory', '', 0, 1, 1, 1, 0, 1, 1, 11, '', '12.30 - 15.00 , 19.00 - 21.00', 0, 0, '', '', '', '', '', '', '', Null, '', Null),
(17, 'sonography', '1', 'Sonography', 'Sono', 'Ultrasound diagnostics', 'LDSonography', '', 0, 1, 1, 1, 0, 1, 1, 11, '', '12.30 - 15.00 , 19.00 - 21.00', 0, 0, '', '', '', '', '', '', '', Null, '', Null),
(18, 'nuclear_diagnostics', '1', 'Nuclear Diagnostics', 'Nuclear', 'Nuclear Testing', 'LDNuclearDiagnostics', '', 0, 1, 1, 1, 0, 1, 1, 19, '', '12.30 - 15.00 , 19.00 - 21.00', 0, 0, '', '', '', '', '', '', '', Null, '', Null),
(19, 'radiology', '1', 'Radiology', 'Radiology', 'Xray', 'LDRadiology', '', 0, 1, 1, 1, 0, 1, 0, 0, '', '12.30 - 15.00 , 19.00 - 21.00', 0, 0, '', '', '', '', '', '', '', Null, '', Null),
(20, 'oncology', '1', 'Oncology', 'Oncology', 'Cancer Department', 'LDOncology', '', 1, 1, 1, 1, 1, 1, 0, 11, '', '12.30 - 15.00 , 19.00 - 21.00', 0, 0, Null, '', '', '', '', '', '', Null, '', Null),
(21, 'neonatal', '1', 'Neonatal', 'Neonatal', 'Newborn Department', 'LDNeonatal', '', 1, 1, 1, 1, 1, 1, 1, 9, '', '12.30 - 15.00 , 19.00 - 21.00', 0, 0, Null, '343', '', '', '', 'Update: 2003-08-13 22:32:07 Elpidio Latorilla\nUpdate: 2003-08-13 22:33:10 Elpidio Latorilla\nUpdate: 2003-08-13 22:43:39 Elpidio Latorilla\nUpdate: 2003-08-13 22:43:59 Elpidio Latorilla\nUpdate: 2003-08-13 22:44:19 Elpidio Latorilla\n', 'Elpidio Latorilla', '2003-08-13', '', Null),
(22, 'central_lab', '1', 'Central Laboratory', 'Central Lab', 'General Lab', 'LDCentralLaboratory', '', 0, 0, 1, 1, 0, 1, 0, 0, '', '12.30 - 15.00 , 19.00 - 21.00', 0, 0, '', '', 'kdkdododospdfjdasljfda\r\nasdflasdjf\r\nasdfklasdjflasdjf', '', '', 'Update: 2003-08-13 23:12:30 Elpidio Latorilla\r\nUpdate: 2003-08-13 23:14:59 Elpidio Latorilla\r\nUpdate: 2003-08-13 23:15:28 Elpidio Latorilla\r\n', 'Elpidio Latorilla', '2003-08-28', '', Null),
(23, 'serological_lab', '1', 'Serological Laboratory', 'Serological Lab', 'Serum Lab', 'LDSerologicalLaboratory', '', 0, 1, 1, 1, 0, 1, 1, 22, '', '12.30 - 15.00 , 19.00 - 21.00', 0, 0, '', '', '', '', '', '', '', Null, '', Null),
(24, 'chemical_lab', '1', 'Chemical Laboratory', 'Chemical Lab', 'Chem Lab', 'LDChemicalLaboratory', '', 0, 1, 1, 1, 0, 1, 1, 22, '', '12.30 - 15.00 , 19.00 - 21.00', 0, 0, '', '', '', '', '', '', '', Null, '', Null),
(25, 'bacteriological_lab', '1', 'Bacteriological Laboratory', 'Bacteriological Lab', 'Bacteria Lab', 'LDBacteriologicalLaboratory', '', 0, 1, 1, 1, 0, 1, 1, 22, '', '12.30 - 15.00 , 19.00 - 21.00', 0, 0, '', '', '', '', '', '', '', Null, '', Null),
(26, 'tech', '2', 'Technical Maintenance', 'Tech', 'Technical Support', 'LDTechnicalMaintenance', '', 0, 0, 1, 1, 0, 1, 0, 0, '', '', 0, 0, '', '', '', 'jpg', '', 'Update: 2003-08-10 23:42:30 Elpidio Latorilla\n', 'Elpidio Latorilla', '2003-08-10', '', Null),
(27, 'it', '2', 'IT Department', 'IT', 'EDP', 'LDITDepartment', '', 0, 0, 1, 1, 0, 1, 0, 0, '', '', 0, 0, '', '', '', '', '', '', '', Null, '', Null),
(28, 'management', '2', 'Management', 'Management', 'Busines Administration', 'LDManagement', '', 0, 0, 1, 1, 0, 1, 0, 0, '', '', 0, 0, '', '', '', '', '', '', '', Null, '', Null),
(29, 'exhibition', '3', 'Exhibitions', 'Exhibit', 'Showcases', 'LDExhibitions', '', 0, 0, 1, 1, 1, 1, 0, 0, '', '', 0, 0, Null, '', '', '', '', '', '', Null, '', Null),
(30, 'edu', '3', 'Education', 'Edu', 'Training', 'LDEducation', 'Education news bulletin of the hospital.', 0, 0, 1, 1, 0, 1, 0, 0, '', '', 0, 0, '', '', '', '', '', 'Update: 2003-08-13 22:44:45 Elpidio Latorilla\nUpdate: 2003-08-13 23:00:37 Elpidio Latorilla\n', 'Elpidio Latorilla', '2003-08-13', '', Null),
(31, 'study', '3', 'Studies', 'Studies', 'Advance studies or on-the-job training', 'LDStudies', '', 0, 0, 1, 1, 1, 1, 0, 0, '', '', 0, 0, Null, '', '', '', '', '', '', Null, '', Null),
(32, 'health_tip', '3', 'Health Tips', 'Tips', 'Health Information', 'LDHealthTips', '', 0, 0, 1, 1, 1, 1, 0, 0, '', '', 0, 0, Null, '', '', '', '', '', '', Null, '', Null),
(33, 'admission', '2', 'Admission', 'Admit', 'Admission information', 'LDAdmission', '', 0, 0, 1, 1, 1, 0, 1, 0, '', '', 0, 0, Null, '', '', '', '', '', '', Null, '', Null),
(34, 'news_headline', '3', 'Headline', 'News head', 'Major news', 'LDHeadline', '', 0, 0, 1, 1, 1, 1, 0, 0, '', '', 0, 0, Null, '', '', '', '', '', '', Null, '', Null),
(35, 'cafenews', '3', 'Cafe News', 'Cafe news', 'Cafeteria news', 'LDCafeNews', '', 0, 0, 1, 1, 1, 0, 0, 0, '', '', 0, 0, Null, '', '', '', '', '', '', Null, '', Null),
(36, 'nursing', '3', 'Nursing', 'Nursing', 'Nursing care', 'LDNursing', '', 1, 1, 1, 1, 1, 1, 1, 0, '', '', 0, 0, Null, '', '', '', '', '', '', Null, '', Null),
(37, 'doctors', '3', 'Doctors', 'Doctors', 'Medical personell', 'LDDoctors', '', 0, 0, 1, 1, 1, 1, 0, 0, '', '', 0, 0, Null, '', '', '', '', '', '', Null, '', Null),
(38, 'pharmacy', '2', 'Pharmacy', 'Pharma', 'Drugstore', 'LDPharmacy', '', 0, 0, 1, 1, 1, 1, 0, 0, '', '', 0, 0, Null, '', '', '', '', '', '', Null, '', Null),
(39, 'anaesthesiology', '1', 'Anesthesiology', 'ana', 'Anesthesia Department', 'LDAnesthesiology', 'Anesthesiology', 0, 0, 1, 1, 1, 1, 0, 0, '', '', 0, 0, '', '', '', '', '', '', '', Null, '', Null),
(40, 'general_ambulant', '1', 'General Outpatient Clinic', 'General Clinic', 'General Ambulatory Clinic', 'LDGeneralOutpatientClinic', 'Outpatient/Ambulant Clinic for general/internal medicine', 0, 1, 1, 1, 0, 0, 1, 16, 'round the clock', '8:30 AM - 11:30 AM , 2:00 PM - 5:30 PM', 0, 0, '', '', '', '', '', '', '', Null, '', Null),
(41, 'blood_bank', '1', 'Blood Bank', 'Blood Blank', 'Blood Lab', 'LDBloodBank', '', 0, 0, 1, 1, 0, 1, 0, 0, '', '', 0, 0, '', '', '', '', '', '', '', Null, '', Null);

INSERT INTO care_effective_day (`eff_day_nr`, `name`, `description`, `status`, `history`, `modify_id`, `modify_time`, `create_id`, `create_time) VALUES 
(1, 'entire stay', 'effective starting from admission date & ending on discharge date', '', '', '', Null, '', Null),
(2, 'admission day', 'Effective only on admission day', '', '', '', Null, '', Null),
(3, 'discharge day', 'Effective only on discharge day', '', '', '', Null, '', Null),
(4, 'op day', 'Effective only on operation day', '', '', '', Null, '', Null),
(5, 'transfer day', 'Effective only on transfer day', '', '', '', Null, '', Null),
(6, 'period', 'defined start and end dates', '', '', '', Null, '', Null);

INSERT INTO care_encounter (`encounter_nr`, `pid`, `encounter_date`, `encounter_class_nr`, `encounter_type`, `encounter_status`, `referrer_diagnosis`, `referrer_recom_therapy`, `referrer_dr`, `referrer_dept`, `referrer_institution`, `referrer_notes`, `financial_class_nr`, `insurance_nr`, `insurance_firm_id`, `insurance_class_nr`, `insurance_2_nr`, `insurance_2_firm_id`, `guarantor_pid`, `contact_pid`, `contact_relation`, `current_ward_nr`, `current_room_nr`, `in_ward`, `current_dept_nr`, `in_dept`, `current_firm_nr`, `current_att_dr_nr`, `consulting_dr`, `extra_service`, `is_discharged`, `discharge_date`, `discharge_time`, `followup_date`, `followup_responsibility`, `post_encounter_notes`, `status`, `history`, `modify_id`, `modify_time`, `create_id`, `create_time) VALUES 
(1, 0, '2006-06-12', 0, 'TeSt', 'TeSt', 'TeSt', 'TeSt', 'TeSt', 'TeSt', 'TeSt', 'TeSt', 0, 'TeSt', 'TeSt', 0, 'TeSt', 'TeSt', 0, 0, 'TeSt', 0, 0, 1, 0, 1, 33, 0, 'TeSt', 'TeSt', 1, '2006-06-12', '13:00:06', '2006-06-12', 'TeSt', 'TeSt', 'TeSt', 'TeSt', 'unknown', '2006-06-12', 'unknown', '2006-06-12'),
(79, 83, '2006-07-03', 2, 'Consultation', 'Registered', '', Null, '', '', '', Null, 0, '0', '0', 0, '0', '0', 0, 0, '', 0, 0, 0, 0, 0, 0, 0, '', '', 0, Null, Null, Null, Null, Null, '', Null, '', Null, '', Null),
(80, 83, '2006-07-03', 2, 'Consultation', 'Registered', '', Null, '', '', '', Null, 0, '0', '0', 0, '0', '0', 0, 0, '', 0, 0, 0, 0, 0, 0, 0, '', '', 0, Null, Null, Null, Null, Null, '', Null, '', Null, '', Null),
(81, 83, '2006-07-03', 2, 'Consultation', 'Registered', '', Null, '', '', '', Null, 0, '0', '0', 3, '0', '0', 0, 0, '', 0, 32, 0, 0, 0, 0, 78, 'Jack Danials (78)', '', 0, Null, Null, Null, Null, Null, '', Null, '', Null, 'admin', '2006-07-03'),
(82, 83, '2006-07-03', 2, 'Consultation', 'Registered', '', Null, '', '', '', Null, 0, '0', '0', 3, '0', '0', 0, 0, '', 0, 32, 0, 0, 0, 0, 77, 'Sangeeta Doctorita (77)', '', 0, Null, Null, Null, Null, Null, '', Null, '', Null, 'admin', '2006-07-03'),
(83, 1, '2006-07-05', 2, 'Consultation', 'Registered', '', Null, '', '', '', Null, 0, '0', '0', 3, '0', '0', 0, 0, '', 0, 32, 0, 0, 0, 0, 78, 'Jack Danials (78)', '', 0, Null, Null, Null, Null, Null, '', Null, '', Null, 'admin', '2006-07-05'),
(84, 1, '2006-07-05', 2, 'Consultation', 'Registered', '', Null, '', '', '', Null, 0, '0', '0', 3, '0', '0', 0, 0, '', 0, 32, 0, 0, 0, 0, 78, 'Jack Danials (78)', '', 0, Null, Null, Null, Null, Null, '', Null, 'admin', '2006-07-05', 'admin', '2006-07-05'),
(85, 90, '2006-07-05', 2, 'Consultation', 'Registered', '', Null, '', '', '', Null, 0, '0', '0', 3, '0', '0', 0, 0, '', 0, 32, 0, 0, 0, 0, 78, 'Jack Danials (78)', '', 0, Null, Null, Null, Null, Null, '', Null, 'admin', '2006-07-05', 'admin', '2006-07-05'),
(86, 91, '2006-07-05', 2, 'Consultation', 'Registered', '', Null, '', '', '', Null, 0, '0', '0', 1, '0', '0', 0, 0, '', 0, 32, 0, 0, 0, 0, 77, 'Sangeeta Doctorita (77)', '', 0, Null, Null, Null, Null, Null, '', Null, 'admin', '2006-07-05', 'admin', '2006-07-05'),
(87, 86, '2006-07-05', 2, 'Consultation', 'Registered', '', Null, '', '', '', Null, 0, '0', '0', 3, '0', '0', 0, 0, '', 0, 32, 0, 0, 0, 0, 77, 'Sangeeta Doctorita (77)', '', 0, Null, Null, Null, Null, Null, '', Null, 'admin', '2006-07-05', 'admin', '2006-07-05'),
(88, 83, '2006-07-05', 2, 'Consultation', 'Registered', '', Null, '', '', '', Null, 0, '0', '0', 3, '0', '0', 0, 0, '', 0, 32, 0, 0, 0, 0, 77, 'Sangeeta Doctorita (77)', '', 0, Null, Null, Null, Null, Null, '', Null, 'admin', '2006-07-05', 'admin', '2006-07-05'),
(89, 1, '2006-07-05', 2, 'Consultation', 'Registered', '', Null, '', '', '', Null, 0, '0', '0', 3, '0', '0', 0, 0, '', 0, 32, 0, 0, 0, 0, 78, 'Jack Danials (78)', '', 0, Null, Null, Null, Null, Null, '', Null, 'admin', '2006-07-05', 'admin', '2006-07-05'),
(90, 92, '2006-07-05', 2, 'Consultation', 'Registered', '', Null, '', '', '', Null, 0, '0', '0', 2, '0', '0', 0, 0, '', 0, 32, 0, 0, 0, 0, 77, 'Sangeeta Doctorita (77)', '', 0, Null, Null, Null, Null, Null, '', Null, 'admin', '2006-07-05', 'admin', '2006-07-05'),
(91, 93, '2006-07-05', 2, 'Consultation', 'Registered', '', Null, '', '', '', Null, 0, '0', '0', 1, '0', '0', 0, 0, '', 0, 32, 0, 0, 0, 0, 77, 'Sangeeta Doctorita (77)', '', 0, Null, Null, Null, Null, Null, '', Null, 'admin', '2006-07-05', 'admin', '2006-07-05'),
(92, 83, '2006-07-05', 2, 'Consultation', 'Registered', '', Null, '', '', '', Null, 0, '0', '0', 3, '0', '0', 0, 0, '', 0, 32, 0, 0, 0, 0, 78, 'Jack Danials (78)', '', 0, Null, Null, Null, Null, Null, '', Null, 'admin', '2006-07-05', 'admin', '2006-07-05'),
(93, 94, '2006-07-05', 2, 'Consultation', 'Registered', '', Null, '', '', '', Null, 0, '0', '0', 3, '0', '0', 0, 0, '', 0, 32, 0, 0, 0, 0, 78, 'Jack Danials (78)', '', 0, Null, Null, Null, Null, Null, '', Null, 'admin', '2006-07-05', 'admin', '2006-07-05'),
(94, 95, '2006-07-14', 2, 'Consultation', 'Registered', '', Null, '', '', '', Null, 0, '0', '0', 1, '0', '0', 0, 0, '', 0, 32, 0, 0, 0, 0, 78, 'Jack Danials (78)', '', 0, Null, Null, Null, Null, Null, '', Null, 'admin', '2006-07-14', 'admin', '2006-07-14'),
(95, 95, '2006-07-14', 2, 'Consultation', 'Registered', '', Null, '', '', '', Null, 0, '0', '0', 1, '0', '0', 0, 0, '', 0, 32, 0, 0, 0, 0, 77, 'Sangeeta Doctorita (77)', '', 0, Null, Null, Null, Null, Null, '', Null, 'admin', '2006-07-14', 'admin', '2006-07-14'),
(96, 95, '2006-07-14', 2, 'Consultation', 'Registered', '', Null, '', '', '', Null, 0, '0', '0', 3, '0', '0', 0, 0, '', 0, 32, 0, 0, 0, 0, 77, 'Sangeeta Doctorita (77)', '', 0, Null, Null, Null, Null, Null, '', Null, 'admin', '2006-07-14', 'admin', '2006-07-14'),
(97, 96, '2006-07-14', 2, 'Consultation', 'Registered', '', Null, '', '', '', Null, 0, '0', '0', 1, '0', '0', 0, 0, '', 0, 32, 0, 0, 0, 0, 77, 'Sangeeta Doctorita (77)', '', 0, Null, Null, Null, Null, Null, '', Null, 'admin', '2006-07-14', 'admin', '2006-07-14'),
(98, 97, '2006-07-14', 2, 'Consultation', 'Registered', '', Null, '', '', '', Null, 0, '0', '0', 3, '0', '0', 0, 0, '', 0, 32, 0, 0, 0, 0, 77, 'Sangeeta Doctorita (77)', '', 0, Null, Null, Null, Null, Null, '', Null, 'admin', '2006-07-14', 'admin', '2006-07-14'),
(99, 83, '2006-07-14', 2, 'Consultation', 'Registered', '', Null, '', '', '', Null, 0, '0', '0', 3, '0', '0', 0, 0, '', 0, 32, 0, 0, 0, 0, 78, 'Jack Danials (78)', '', 0, Null, Null, Null, Null, Null, '', Null, 'admin', '2006-07-14', 'admin', '2006-07-14'),
(100, 95, '2006-07-14', 2, 'Consultation', 'Registered', '', Null, '', '', '', Null, 0, '0', '0', 3, '0', '0', 0, 0, '', 0, 32, 0, 0, 0, 0, 78, 'Jack Danials (78)', '', 0, Null, Null, Null, Null, Null, '', Null, 'admin', '2006-07-14', 'admin', '2006-07-14'),
(101, 98, '2006-07-14', 2, 'Consultation', 'Registered', '', Null, '', '', '', Null, 0, '0', '0', 3, '0', '0', 0, 0, '', 0, 32, 0, 0, 0, 0, 77, 'Sangeeta Doctorita (77)', '', 0, Null, Null, Null, Null, Null, '', Null, 'admin', '2006-07-14', 'admin', '2006-07-14'),
(102, 1, '2006-07-14', 2, 'Consultation', 'Registered', '', Null, '', '', '', Null, 0, '0', '0', 3, '0', '0', 0, 0, '', 0, 32, 0, 0, 0, 0, 78, 'Jack Danials (78)', '', 0, Null, Null, Null, Null, Null, '', Null, 'admin', '2006-07-14', 'admin', '2006-07-14'),
(103, 88, '2006-07-14', 2, 'Consultation', 'Registered', '', Null, '', '', '', Null, 0, '0', '0', 2, '0', '0', 0, 0, '', 0, 32, 0, 0, 0, 0, 78, 'Jack Danials (78)', '', 0, Null, Null, Null, Null, Null, '', Null, 'admin', '2006-07-14', 'admin', '2006-07-14'),
(104, 86, '2006-07-14', 2, 'Consultation', 'Registered', '', Null, '', '', '', Null, 0, '0', '0', 3, '0', '0', 0, 0, '', 0, 32, 0, 0, 0, 0, 78, 'Jack Danials (78)', '', 0, Null, Null, Null, Null, Null, '', Null, 'admin', '2006-07-14', 'admin', '2006-07-14'),
(105, 92, '2006-07-14', 2, 'Consultation', 'Registered', '', Null, '', '', '', Null, 0, '0', '0', 2, '0', '0', 0, 0, '', 0, 32, 0, 0, 0, 0, 78, 'Jack Danials (78)', '', 0, Null, Null, Null, Null, Null, '', Null, 'admin', '2006-07-14', 'admin', '2006-07-14'),
(106, 95, '2006-07-14', 2, 'Consultation', 'Registered', '', Null, '', '', '', Null, 0, '0', '0', 3, '0', '0', 0, 0, '', 0, 32, 0, 0, 0, 0, 77, 'Sangeeta Doctorita (77)', '', 0, Null, Null, Null, Null, Null, '', Null, 'admin', '2006-07-14', 'admin', '2006-07-14'),
(107, 86, '2006-07-14', 2, 'Consultation', 'Registered', '', Null, '', '', '', Null, 0, '0', '0', 3, '0', '0', 0, 0, '', 0, 32, 0, 0, 0, 0, 78, 'Jack Danials (78)', '', 0, Null, Null, Null, Null, Null, '', Null, 'admin', '2006-07-14', 'admin', '2006-07-14'),
(108, 99, '2006-07-15', 2, 'Consultation', 'Registered', '', Null, '', '', '', Null, 0, '0', '0', 1, '0', '0', 0, 0, '', 0, 32, 0, 0, 0, 0, 78, 'Jack Danials (78)', '', 0, Null, Null, Null, Null, Null, '', Null, 'admin', '2006-07-15', 'admin', '2006-07-15'),
(109, 83, '2006-08-03', 2, 'Consultation', 'Registered', '', Null, '', '', '', Null, 0, '0', '0', 3, '0', '0', 0, 0, '', 0, 32, 0, 0, 0, 0, 77, 'Sangeeta Doctorita (77)', '', 0, Null, Null, Null, Null, Null, '', Null, 'admin', '2006-08-03', 'admin', '2006-08-03'),
(110, 88, '2006-08-04', 2, 'Consultation', 'Registered', '', Null, '', '', '', Null, 0, '0', '0', 2, '0', '0', 0, 0, '', 0, 32, 0, 0, 0, 0, 78, 'Jack Danials (78)', '', 0, Null, Null, Null, Null, Null, '', Null, 'admin', '2006-08-04', 'admin', '2006-08-04'),
(111, 100, '2006-08-08', 2, 'Consultation', 'Registered', '', Null, '', '', '', Null, 0, '0', '0', 2, '0', '0', 0, 0, '', 0, 32, 0, 0, 0, 0, 77, 'Sangeeta Doctorita (77)', '', 0, Null, Null, Null, Null, Null, '', Null, 'admin', '2006-08-08', 'admin', '2006-08-08');

INSERT INTO care_encounter_diagnostics_report (`item_nr`, `report_nr`, `reporting_dept_nr`, `reporting_dept`, `report_date`, `report_time`, `encounter_nr`, `script_call`, `status`, `history`, `modify_id`, `modify_time`, `create_id`, `create_time) VALUES 
(1, 33, 0, 'TeSt', '2006-06-12', '14:41:45', 0, 'TeSt', 'TeSt', 'TeSt', 'unknown', '2006-06-12', 'unknown', '2006-06-12');

INSERT INTO care_encounter_location (`nr`, `encounter_nr`, `type_nr`, `location_nr`, `group_nr`, `date_from`, `date_to`, `time_from`, `time_to`, `discharge_type_nr`, `status`, `history`, `modify_id`, `modify_time`, `create_id`, `create_time) VALUES 
(1, 0, 0, 33, 33, '2006-06-12', '2006-06-12', '13:41:07', '13:41:07', 0, 'TeSt', 'TeSt', 'unknown', '2006-06-12', 'unknown', '2006-06-12');

INSERT INTO care_encounter_notes (`nr`, `encounter_nr`, `type_nr`, `notes`, `short_notes`, `aux_notes`, `ref_notes_nr`, `personell_nr`, `personell_name`, `send_to_pid`, `send_to_name`, `date`, `time`, `location_type`, `location_type_nr`, `location_nr`, `location_id`, `ack_short_id`, `date_ack`, `date_checked`, `date_printed`, `send_by_mail`, `send_by_email`, `send_by_fax`, `status`, `history`, `modify_id`, `modify_time`, `create_id`, `create_time) VALUES 
(1, 0, 0, 'TeSt', 'TeSt', 'TeSt', 0, 0, 'TeSt', 0, 'TeSt', '2006-06-12', '15:24:04', 'TeSt', 0, 33, 'TeSt', 'TeSt', '2006-06-12', '2006-06-12', '2006-06-12', 1, 1, 1, 'TeSt', 'TeSt', 'unknown', '2006-06-12', 'unknown', '2006-06-12');

INSERT INTO care_group (`nr`, `id`, `name`, `LD_var`, `description`, `status`, `modify_id`, `modify_time`, `create_id`, `create_time) VALUES 
(1, 'pregnancy', 'Pregnancy', 'LDPregnancy', '', '', '', Null, '', Null),
(2, 'neonatal', 'Neonatal', 'LDNeonatal', '', '', '', Null, '', Null),
(3, 'encounter', 'Encounter', 'LDEncounter', '', '', '', Null, '', Null),
(4, 'op', 'OP', 'LDOP', '', '', '', Null, '', Null),
(5, 'anesthesia', 'Anesthesia', 'LDAnesthesia', '', '', '', Null, '', Null),
(6, 'prescription', 'Prescription', 'LDPrescription', '', '', '', Null, '', Null);

INSERT INTO care_med_orderlist (`order_nr`, `dept_nr`, `order_date`, `order_time`, `articles`, `extra1`, `extra2`, `validator`, `ip_addr`, `priority`, `status`, `history`, `modify_id`, `modify_time`, `create_id`, `create_time`, `sent_datetime`, `process_datetime) VALUES 
(1, 0, '2006-06-12', '15:40:15', 'TeSt', 'TeSt', 'TeSt', 'TeSt', 'TeSt', 'TeSt', 'TeSt', 'TeSt', 'unknown', '2006-06-12', 'unknown', '2006-06-12', '2006-06-12', '2006-06-12');

INSERT INTO care_med_report (`report_nr`, `dept`, `report`, `reporter`, `id_nr`, `report_date`, `report_time`, `status`, `history`, `modify_id`, `modify_time`, `create_id`, `create_time) VALUES 
(1, '0', 'TeSt', 'TeSt', 'TeSt', '2006-06-12', '15:41:20', 'TeSt', 'TeSt', 'unknown', '2006-06-12', 'unknown', '2006-06-12');

INSERT INTO care_menu_main (`nr`, `sort_nr`, `name`, `LD_var`, `url`, `is_visible`, `hide_by`, `status`, `modify_id`, `modify_time) VALUES 
(1, 1, 'Home', 'LDHome', 'main/startframe.php', 1, '', '', '20030922232015', Null),
(2, 5, 'Patient', 'LDPatient', 'modules/registration_admission/patient_register_pass.php', 1, '', '', '20030922232015', Null),
(3, 10, 'Admission', 'LDAdmission', 'modules/registration_admission/aufnahme_pass.php', 1, '', '', '20030922232015', Null),
(4, 15, 'Ambulatory', 'LDAmbulatory', 'modules/ambulatory/ambulatory.php', 1, '', '', '20030922232015', Null),
(5, 20, 'Medocs', 'LDMedocs', 'modules/medocs/medocs_pass.php', 1, '', '', '20030922232015', Null),
(6, 25, 'Doctors', 'LDDoctors', 'modules/doctors/doctors.php', 1, '', '', '20030922232015', Null),
(7, 35, 'Nursing', 'LDNursing', 'modules/nursing/nursing.php', 1, '', '', '20030922232015', Null),
(8, 40, 'OR', 'LDOR', 'main/op-doku.php', 1, '', '', '20030922232015', Null),
(9, 45, 'Laboratories', 'LDLabs', 'modules/laboratory/labor.php', 1, '', '', '20030922232015', Null),
(10, 50, 'Radiology', 'LDRadiology', 'modules/radiology/radiolog.php', 1, '', '', '20030922232015', Null),
(11, 55, 'Pharmacy', 'LDPharmacy', 'modules/pharmacy/apotheke.php', 1, '', '', '20030922232015', Null),
(12, 60, 'Medical Depot', 'LDMedDepot', 'modules/med_depot/medlager.php', 1, '', '', '20030922232015', Null),
(13, 65, 'Directory', 'LDDirectory', 'modules/phone_directory/phone.php', 1, '', '', '20030922232015', Null),
(14, 70, 'Tech Support', 'LDTechSupport', 'modules/tech/technik.php', 1, '', '', '20030922232015', Null),
(15, 72, 'System Admin', 'LDEDP', 'modules/system_admin/edv.php', 1, '', '', '20030922232015', Null),
(16, 75, 'Intranet Email', 'LDIntraEmail', 'modules/intranet_email/intra-email-pass.php', 1, '', '', '20030922232015', Null),
(17, 80, 'Internet Email', 'LDInterEmail', 'modules/nocc/index.php', 1, '', '', '20030922232015', Null),
(18, 85, 'Special Tools', 'LDSpecials', 'main/spediens.php', 1, '', '', '20030922232015', Null),
(19, 90, 'Login', 'LDLogin', 'main/login.php', 1, '', '', '20030922232015', Null),
(20, 7, 'Appointments', 'LDAppointments', 'modules/appointment_scheduler/appt_main_pass.php', 1, '', '', '20030922232015', '2003-04-05');

INSERT INTO care_menu_sub (`s_nr`, `s_sort_nr`, `s_main_nr`, `s_ebene`, `s_name`, `s_LD_var`, `s_url`, `s_url_ext`, `s_image`, `s_open_image`, `s_is_visible`, `s_hide_by`, `s_status`, `s_modify_id`, `s_modify_time) VALUES 
(3, 0, 2, 0, '', '', '', '', '../gui/img/common/default/new_group.gif', '../gui/img/common/default/new_group.gif', '1', '', '', '', Null),
(70, 0, 7, 0, '', '', '', '', '../gui/img/common/default/nurse.gif', '../gui/img/common/default/nurse.gif', '', '', '', '', Null),
(20, 0, 1, 0, '', '', '', '', '../gui/img/common/default/articles.gif', '../gui/img/common/default/home.gif', '', '', '', '', Null),
(30, 0, 20, 0, '', '', '', '', '../gui/img/common/default/calendar.gif', '', '', '', '', '', Null),
(5, 2, 2, 1, 'Admission', 'LDAdmission', '../modules/registration_admission/aufnahme_pass.php', '', '../gui/img/common/default/bn.gif', '../gui/img/common/default/bn.gif', '1', '', '', '', Null),
(1, 1, 2, 1, 'Registration', '', '../modules/registration_admission/patient_register_pass.php', '&target=entry', '../gui/img/common/default/post_discussion.gif', '', '1', '', '', '', Null),
(130, 1, 2, 1, 'Search', 'LDSearch', '../modules/registration_admission/patient_register_pass.php', '&target=search', '../gui/img/common/default/findnew.gif', '../gui/img/common/default/findnew.gif', '1', '', '', '', Null),
(135, 1, 2, 1, 'Archive', 'LDArchive', '../modules/registration_admission/patient_register_pass.php', '&target=archiv', '', '', '1', '', '', '', Null),
(140, 5, 2, 2, 'Search', 'LDSearch', '../modules/registration_admission/aufnahme_pass.php', '&target=search', '../gui/img/common/default/findnew.gif', '../gui/img/common/default/findnew.gif', '1', '', '', '', Null),
(145, 6, 2, 2, 'Archive', 'LDArchive', '../modules/registration_admission/aufnahme_pass.php', '&target=archiv', '', '', '1', '', '', '', Null),
(71, 1, 7, 1, 'Wards', '', '../modules/nursing/nursing.php', '', '../gui/img/common/default/bul_arrowgrnsm.gif', '../gui/img/common/default/bul_arrowgrnsm.gif', '', '', '[station]', '', Null),
(155, 1, 3, 1, 'Archive', 'LDArchive', '../modules/registration_admission/aufnahme_pass.php', '&target=archiv', '', '', '1', '', '', '', Null),
(40, 0, 3, 0, '', '', '', '', '../gui/img/common/default/bn.gif', '../gui/img/common/default/bn.gif', '', '', '', '', Null),
(165, 0, 13, 0, '', '', '', '', '../gui/img/common/default/violet_phone.gif', '../gui/img/common/default/violet_phone.gif', '', '', '', '', Null),
(7, 3, 7, 1, 'Search', '', '../modules/nursing/nursing-patient-such-start.php', '', '../gui/img/common/default/findnew.gif', '', '', '', '', '', Null),
(72, 2, 7, 1, 'Quick view', '', '../modules/nursing/nursing-schnellsicht.php', '', '../gui/img/common/default/eye_s.gif', '', '1', '', '', '', Null),
(50, 0, 4, 0, '', '', '', '', '../gui/img/common/default/disc_unrd.gif', '', '', '', '', '', Null),
(120, 0, 6, 0, '', '', '', '', '../gui/img/common/default/forums.gif', '', '', '', '', '', Null),
(160, 0, 17, 0, '', '', '', '', '../gui/img/common/default/c-mail.gif', '', '', '', '', '', Null),
(190, 0, 16, 0, '', '', '', '', '../gui/img/common/default/bubble2.gif', '', '', '', '', '', Null),
(195, 0, 10, 0, '', '', '', '', '../gui/img/common/default/torso.gif', '', '', '', '', '', Null),
(200, 0, 18, 0, '', '', '', '', '../gui/img/common/default/settings_tree.gif', '', '', '', '', '', Null),
(205, 0, 11, 0, '', '', '', '', '../gui/img/common/default/add.gif', '', '', '', '', '', Null),
(160, 0, 19, 0, '', '', '', '', '../gui/img/common/default/padlock.gif', '../gui/img/common/default/bul_arrowgrnsm.gif', '', '', '', '', Null),
(215, 0, 15, 0, '', '', '', '', '../gui/img/common/default/sections.gif', '', '', '', '', '', Null),
(220, 0, 12, 0, '', '', '', '', '../gui/img/common/default/storage.gif', '', '', '', '', '', Null),
(225, 0, 8, 0, '', '', '', '', '../gui/img/common/default/people_search_online.gif', '', '', '', '', '', Null),
(230, 0, 9, 0, '', '', '', '', '../gui/img/common/default/chart.gif', '', '', '', '', '', Null),
(235, 0, 14, 0, '', '', '', '', '../gui/img/common/default/settings_tree.gif', '', '', '', '', '', Null);

INSERT INTO care_method_induction (`nr`, `group_nr`, `method`, `name`, `LD_var`, `description`, `status`, `modify_id`, `modify_time`, `create_id`, `create_time) VALUES 
(3, 1, 'prostaglandin', 'Prostaglandin', 'LDProstaglandin', '', '', '', '2003-08-05', '', Null),
(4, 1, 'oxytocin', 'Oxytocin', 'LDOxytocin', '', '', '', '2003-08-05', '', Null),
(5, 1, 'arom', 'AROM', 'LDAROM', '', '', '', '2003-08-05', '', Null),
(2, 1, 'unknown', 'Unknown', 'LDUnknown', '', '', '', '2003-08-05', '', Null),
(1, 1, 'not_induced', 'Not induced', 'LDNotInduced', '', '', '', Null, '', Null);

INSERT INTO care_mode_delivery (`nr`, `group_nr`, `mode`, `name`, `LD_var`, `description`, `status`, `modify_id`, `modify_time`, `create_id`, `create_time) VALUES 
(1, 2, 'normal', 'Normal', 'LDNormal', '', '', '', Null, '', Null),
(2, 2, 'breech', 'Breech', 'LDBreech', '', '', '', Null, '', Null),
(3, 2, 'caesarian', 'Caesarian', 'LDCaesarian', '', '', '', Null, '', Null),
(4, 2, 'forceps', 'Forceps', 'LDForceps', '', '', '', Null, '', Null),
(5, 2, 'vacuum', 'Vacuum', 'LDVacuum', '', '', '', Null, '', Null);

INSERT INTO care_neonatal (`nr`, `pid`, `delivery_date`, `parent_encounter_nr`, `delivery_nr`, `encounter_nr`, `delivery_place`, `delivery_mode`, `c_s_reason`, `born_before_arrival`, `face_presentation`, `posterio_occipital_position`, `delivery_rank`, `apgar_1_min`, `apgar_5_min`, `apgar_10_min`, `time_to_spont_resp`, `condition`, `weight`, `length`, `head_circumference`, `scored_gestational_age`, `feeding`, `congenital_abnormality`, `classification`, `disease_category`, `outcome`, `status`, `history`, `modify_id`, `modify_time`, `create_id`, `create_time) VALUES 
(1, 0, '2006-06-13', 0, 1, 0, 'TeSt', 0, 'TeSt', 1, 1, 1, 1, 5, 5, 5, 1, '0', 1.0, 1.0, 1.0, 1.0, 0, 'TeSt', 'TeSt', 0, 0, 'TeSt', 'TeSt', 'unknown', '2006-06-13', 'unknown', '2006-06-13');

INSERT INTO care_person (`pid`, `date_reg`, `name_first`, `name_2`, `name_3`, `name_middle`, `name_last`, `name_maiden`, `name_others`, `date_birth`, `blood_group`, `addr_str`, `addr_str_nr`, `addr_zip`, `addr_citytown_nr`, `addr_is_valid`, `citizenship`, `phone_1_code`, `phone_1_nr`, `phone_2_code`, `phone_2_nr`, `cellphone_1_nr`, `cellphone_2_nr`, `fax`, `email`, `civil_status`, `sex`, `title`, `photo`, `photo_filename`, `ethnic_orig`, `org_id`, `sss_nr`, `nat_id_nr`, `religion`, `mother_pid`, `father_pid`, `contact_person`, `contact_pid`, `contact_relation`, `death_date`, `death_encounter_nr`, `death_cause`, `death_cause_code`, `date_update`, `status`, `history`, `modify_id`, `modify_time`, `create_id`, `create_time`, `occupation) VALUES 
(1, '2006-07-14', 'Betty', '', '', '', 'Boo', '', '', '1984-07-05', '', 'None  ', '', '9898776', 1, 0, '', '', '', '', '', '', '', '', '', '', 'F', '', Null, '', 1, '', '', '', 'athiest', Null, Null, 'x', Null, 'Mother', Null, Null, '', '', '2006-06-05', '', '; Record updated ; Record updated ; Record updated ; Record updated ; Record updated ; Record updated ; Record updated ; Record updated ; Record updated ; Record updated ; Record updated ; Record updated ; Record updated ; Record updated ; Record updated ; Record updated ; Record updated ; Record updated ; Record updated ; Record updated ; Record updated ; Record updated ; Record updated ; Record updated ; Record updated ; Record updated ; Record updated ; Record updated ; Record updated ; Record updated ; Record updated ; Record updated ; Record updated ; Record updated ; Record updated ; Record updated ; Record updated ; Record updated ; Record updated ; Record updated ; Record updated ; Record updated ; Record updated ; Record updated ; Record updated ; Record updated ; Record updated ; Record updated ; Record updated ; Record updated ; Record updated ; Record updated ; Record updated ; Record updated ; Record updated ; Record updated ; Record updated ; Record updated ; Record updated ; Record updated ; Record updated ; Record updated ; Record updated ; Record updated ', 'admin', '2006-07-14', 'unknown', '2006-07-14', ''),
(83, '2006-08-03', 'Wesley', Null, Null, '', 'Penner', Null, Null, '1975-07-03', '', '19 Honeywood st.         ', '', 'R2G 1W8', 6, 0, Null, '0', '', '0', '', Null, Null, Null, '', '', 'M', 'Mr.', Null, '', Null, Null, Null, Null, 'Christian', 0, 0, 'Peter Penner', 0, 'Father', Null, 0, Null, Null, Null, '', 'Record added; Record updated ; Record updated ; Record updated ; Record updated ; Record updated ; Record updated ; Record updated ; Record updated ; Record updated ; Record updated ; Record updated ; Record updated ; Record updated ; Record updated ; Record updated ; Record updated ; Record updated ; Record updated ; Record updated ; Record updated ; Record updated ; Record updated ; Record updated ; Record updated ; Record updated ; Record updated ; Record updated ; Record updated ; Record updated ; Record updated ; Record updated ; Record updated ; Record updated ', 'admin', '2006-08-03', 'admin', '2006-08-03', 'Computer Programmer'),
(84, '2006-07-03', 'Jack', Null, Null, Null, 'Danials', Null, Null, '1970-06-01', '', '20 Some St.', '', '12332112', 1, 0, 'Indian', '0', Null, '0', Null, Null, Null, Null, 'myemail@email.com', 'Married', 'M', 'Dr.', Null, '', 1, Null, Null, Null, 'Christian', 0, 0, Null, 0, '0', Null, 0, Null, Null, Null, '', '', 'admin', '2006-07-03', 'admin', '2006-07-03', 'Doctor'),
(85, '2006-07-03', 'Sangeeta', Null, Null, '', 'Doctorita', Null, Null, '1961-07-03', '', '21 Some St ', '', '123321', 3, 0, Null, '0', '', '0', '', Null, Null, Null, '', '', 'F', 'Dr.', Null, '', Null, Null, Null, Null, 'Christian', 0, 0, '', 0, '', Null, 0, Null, Null, Null, '', 'Record added; Record updated ', 'admin', '2006-07-03', 'admin', '2006-07-03', ''),
(86, '2006-07-14', 'Bill', Null, Null, '', 'Gates', Null, Null, '1958-07-05', '', 'Some rich street he probably owns     ', '', '123321', 3, 0, Null, '0', '', '0', '', Null, Null, Null, 'bill_gates@microsoft.com', '', 'M', 'Mr.', Null, '', Null, Null, Null, Null, 'Unknown', 0, 0, 'Malinda Gates', 0, 'Wife', Null, 0, Null, Null, Null, '', 'Record added; Record updated ; Record updated ; Record updated ; Record updated ', 'admin', '2006-07-14', 'admin', '2006-07-14', 'Cruel software empire ruler'),
(87, '2006-07-05', 'Bill', Null, Null, '', 'Gates', Null, Null, '1958-07-05', '', 'Some rich street he probably owns ', '', '123321', 3, 0, Null, '0', '', '0', '', Null, Null, Null, 'bill_gates@microsoft.com', '', 'M', 'Mr.', Null, '', Null, Null, Null, Null, 'Unknown', 0, 0, 'Malinda Gates', 0, 'Wife', Null, 0, Null, Null, Null, '', 'Record added', 'admin', '2006-07-05', 'admin', '2006-07-05', 'Cruel software empire ruler'),
(88, '2006-08-04', 'Bill', Null, Null, '', 'Gates', Null, Null, '1958-07-05', '', 'Some rich street he probably owns   ', '', '123321', 3, 0, Null, '0', '', '0', '', Null, Null, Null, 'bill_gates@microsoft.com', '', 'M', 'Mr.', Null, '', Null, Null, Null, Null, 'Unknown', 0, 0, 'Malinda Gates', 0, 'Wife', Null, 0, Null, Null, Null, '', 'Record added; Record updated ; Record updated ; Record updated ', 'admin', '2006-08-04', 'admin', '2006-08-04', 'Cruel software empire ruler'),
(89, '2006-07-05', 'Bill', Null, Null, '', 'Gates', Null, Null, '1958-07-05', '', 'Some rich street he probably owns ', '', '123321', 3, 0, Null, '0', '', '0', '', Null, Null, Null, 'bill_gates@microsoft.com', '', 'M', 'Mr.', Null, '', Null, Null, Null, Null, 'Unknown', 0, 0, 'Malinda Gates', 0, 'Wife', Null, 0, Null, Null, Null, '', 'Record added', 'admin', '2006-07-05', 'admin', '2006-07-05', 'Cruel software empire ruler'),
(90, '2006-07-14', 'Linus', Null, Null, '', 'Trovalds', Null, Null, '1971-07-05', '', 'Some regular street    ', '', '123432', 5, 0, Null, '0', '', '0', '', Null, Null, Null, '', '', 'M', 'Mr.', Null, '', Null, Null, Null, Null, 'Computer', 0, 0, '', 0, '', Null, 0, Null, Null, Null, '', 'Record added; Record updated ; Record updated ; Record updated ; Record updated ', 'admin', '2006-07-14', 'admin', '2006-07-14', 'Opensource developer'),
(91, '2006-07-05', 'Larry', Null, Null, '', 'Page', Null, Null, '1971-07-05', '', '45 some street ', '', '123321', 3, 0, Null, '0', '', '0', '', Null, Null, Null, '', '', 'M', 'Mr.', Null, '', Null, Null, Null, Null, 'unknown', 0, 0, '', 0, '', Null, 0, Null, Null, Null, '', 'Record added; Record updated ; Record updated ; Record updated ; Record updated ; Record updated ; Record updated ; Record updated ; Record updated ; Record updated ; Record updated ; Record updated ; Record updated ; Record updated ; Record updated ; Record updated ; Record updated ', 'admin', '2006-07-05', 'admin', '2006-07-05', ''),
(92, '2006-07-14', 'Susan', Null, Null, '', 'Fishnchips', Null, Null, '1982-07-05', '', '20 something street  ', '', '9898776', 1, 0, Null, '0', '', '0', '', Null, Null, Null, '', '', 'F', 'Mrs.', Null, '', Null, Null, Null, Null, 'Christian', 0, 0, '', 0, '', Null, 0, Null, Null, Null, '', 'Record added; Record updated ; Record updated ; Record updated ; Record updated ; Record updated ; Record updated ; Record updated ; Record updated ; Record updated ; Record updated ; Record updated ; Record updated ; Record updated ; Record updated ; Record updated ; Record updated ; Record updated ; Record updated ', 'admin', '2006-07-14', 'admin', '2006-07-14', ''),
(93, '2006-07-05', 'Pay', Null, Null, 'Me', 'More', Null, Null, '1920-07-05', '', '1 something good ave. ', '', '9898776', 1, 0, Null, '0', '', '0', '', Null, Null, Null, '', '', 'M', 'Dr.', Null, '', Null, Null, Null, Null, 'Christian', 0, 0, '', 0, '', Null, 0, Null, Null, Null, '', 'Record added; Record updated ; Record updated ; Record updated ; Record updated ', 'admin', '2006-07-05', 'admin', '2006-07-05', ''),
(94, '2006-07-05', 'Bob', Null, Null, '', 'Dylan', Null, Null, '1946-07-05', '', 'Desolation Row   ', '', '9898776', 1, 0, Null, '0', '', '0', '', Null, Null, Null, '', '', 'M', 'mr.', Null, '', Null, Null, Null, Null, 'Christian', 0, 0, '', 0, '', Null, 0, Null, Null, Null, '', 'Record added; Record updated ; Record updated ; Record updated ; Record updated ; Record updated ; Record updated ', 'admin', '2006-07-05', 'admin', '2006-07-05', 'Musso'),
(95, '2006-07-14', 'Bart', Null, Null, '', 'Simpson', Null, Null, '1996-07-14', '', '17 Evergreen Terrace     ', '', '123321', 4, 0, Null, '0', '', '0', '', Null, Null, Null, '', '', 'M', 'Mr.', Null, '', Null, Null, Null, Null, 'Christian', 0, 0, 'Homer Simpson', 0, 'Father', Null, 0, Null, Null, Null, '', 'Record added; Record updated ; Record updated ; Record updated ; Record updated ; Record updated ; Record updated ; Record updated ; Record updated ; Record updated ; Record updated ; Record updated ; Record updated ; Record updated ; Record updated ; Record updated ; Record updated ', 'admin', '2006-07-14', 'admin', '2006-07-14', 'TV Actor'),
(96, '2006-07-14', 'Lisa', Null, Null, '', 'Simpson', Null, Null, '1998-07-14', '', '17 Evergreen Terrace ', '', '9898776', 1, 0, Null, '0', '', '0', '', Null, Null, Null, '', '', 'F', 'Ms.', Null, '', Null, Null, Null, Null, 'Athiest', 0, 0, 'Marge Simpson', 0, 'Mother', Null, 0, Null, Null, Null, '', 'Record added', 'admin', '2006-07-14', 'admin', '2006-07-14', 'TV Actor'),
(97, '2006-07-14', 'Homer', Null, Null, '', 'Simpson', Null, Null, '1971-07-14', '', 'Somewhere ', '', '123432', 5, 0, Null, '0', '', '0', '', Null, Null, Null, '', '', 'M', 'Mr.', Null, '', Null, Null, Null, Null, 'Food Consumer', 0, 0, 'Grandpa Simpson', 0, 'Father', Null, 0, Null, Null, Null, '', 'Record added', 'admin', '2006-07-14', 'admin', '2006-07-14', 'Nuclear Saftey Inspector'),
(98, '2006-07-14', 'Khatlinga', Null, Null, '', 'Ao', Null, Null, '1966-07-14', '', 'Somestreet ', '', '123321', 3, 0, Null, '0', '', '0', '', Null, Null, Null, '', '', 'F', 'Mrs.', Null, '', Null, Null, Null, Null, 'Christian', 0, 0, '', 0, '', Null, 0, Null, Null, Null, '', 'Record added', 'admin', '2006-07-14', 'admin', '2006-07-14', 'Farmer'),
(99, '2006-07-15', 'Victor', Null, Null, '', 'Emmanuel', Null, Null, '1971-07-15', '', 'somestreet ', '', '123321', 3, 0, Null, '0', '', '0', '', Null, Null, Null, '', '', 'M', 'Mr.', Null, '', Null, Null, Null, Null, 'Christian', 0, 0, '', 0, '', Null, 0, Null, Null, Null, '', 'Record added', 'admin', '2006-07-15', 'admin', '2006-07-15', ''),
(100, '2006-08-08', 'Jack', Null, Null, '', 'Joe', Null, Null, '1981-08-08', '', 'Something street ', '', '1234567', 120, 0, Null, '0', '', '0', '', Null, Null, Null, '', '', 'M', 'Mr.', Null, '', Null, Null, Null, Null, 'Christian', 0, 0, '', 0, '', Null, 0, Null, Null, Null, '', 'Record added', 'admin', '2006-08-08', 'admin', '2006-08-08', '');

INSERT INTO care_personell (`nr`, `short_id`, `pid`, `job_type_nr`, `job_function_title`, `date_join`, `date_exit`, `contract_class`, `contract_start`, `contract_end`, `is_discharged`, `pay_class`, `pay_class_sub`, `local_premium_id`, `tax_account_nr`, `ir_code`, `nr_workday`, `nr_weekhour`, `nr_vacation_day`, `multiple_employer`, `nr_dependent`, `status`, `history`, `modify_id`, `modify_time`, `create_id`, `create_time) VALUES 
(77, 'Doctor1', 85, 17, 'Doctor', '2006-07-03', Null, '0', Null, Null, 0, '0', '0', '0', '0', '0', 5, 35.0, 20, 0, 2, 'ok', 'none', 'admin', '2006-07-03', 'admin', '2006-07-03'),
(78, 'Doctor2', 84, 17, 'Doctor', '2006-07-03', Null, '0', Null, Null, 0, '0', '0', '0', '0', '0', 6, 30.0, 25, 0, 1, 'ok', 'none', 'admin', '2006-07-03', 'admin', '2006-07-03');

INSERT INTO care_personell_assignment (`nr`, `personell_nr`, `role_nr`, `location_type_nr`, `location_nr`, `date_start`, `date_end`, `is_temporary`, `list_frequency`, `status`, `history`, `modify_id`, `modify_time`, `create_id`, `create_time) VALUES 
(22, 77, 17, 4, 32, Null, Null, 0, 1, 'ok', 'none', 'admin', '2006-07-03', 'admin', '2006-07-03'),
(23, 78, 17, 4, 32, Null, Null, 0, 1, 'ok', 'none', 'admin', '2006-07-03', 'admin', '2006-07-03');

INSERT INTO care_phone (`item_nr`, `title`, `name`, `vorname`, `pid`, `personell_nr`, `dept_nr`, `beruf`, `bereich1`, `bereich2`, `inphone1`, `inphone2`, `inphone3`, `exphone1`, `exphone2`, `funk1`, `funk2`, `roomnr`, `date`, `time`, `status`, `history`, `modify_id`, `modify_time`, `create_id`, `create_time) VALUES 
(1, 'TeSt', 'TeSt', 'TeSt', 0, 0, 0, 'TeSt', 'TeSt', 'TeSt', 'TeSt', 'TeSt', 'TeSt', 'TeSt', 'TeSt', 'TeSt', 'TeSt', 'TeSt', '2006-06-12', '16:57:30', 'TeSt', 'TeSt', 'unknown', '2006-06-12', 'unknown', '2006-06-12');

INSERT INTO care_pregnancy (`nr`, `encounter_nr`, `this_pregnancy_nr`, `delivery_date`, `delivery_time`, `gravida`, `para`, `pregnancy_gestational_age`, `nr_of_fetuses`, `child_encounter_nr`, `is_booked`, `vdrl`, `rh`, `delivery_mode`, `delivery_by`, `bp_systolic_high`, `bp_diastolic_high`, `proteinuria`, `labour_duration`, `induction_method`, `induction_indication`, `anaesth_type_nr`, `is_epidural`, `complications`, `perineum`, `blood_loss`, `blood_loss_unit`, `is_retained_placenta`, `post_labour_condition`, `outcome`, `status`, `history`, `modify_id`, `modify_time`, `create_id`, `create_time) VALUES 
(1, 0, 5, '2006-06-12', '17:00:58', 5, 5, 5, 5, 'TeSt', 1, 'T', 5, 0, 'TeSt', 5, 5, 1, 5, 0, 'TeSt', 0, 'T', 'TeSt', 5, 5.0, Null, 'T', 'TeSt', 'TeSt', 'TeSt', 'TeSt', 'unknown', '2006-06-12', 'unknown', '2006-06-12');

INSERT INTO care_registry (`registry_id`, `module_start_script`, `news_start_script`, `news_editor_script`, `news_reader_script`, `passcheck_script`, `composite`, `status`, `modify_id`, `modify_time`, `create_id`, `create_time) VALUES 
('amb', 'modules/ambulatory/ambulatory.php', 'modules/news/newscolumns.php', '', '', '', '', '', '', Null, '', Null),
('dept', 'modules/news/departments.php', 'modules/news/newscolumns.php', '', '', '', '', '', '', Null, '', Null),
('radiology', 'modules/radiology/radiolog.php', 'modules/news/newscolumns.php', '', '', '', '', '', '', Null, '', Null),
('doctors', 'modules/doctors/doctors.php', 'modules/news/newscolumns.php', '', '', '', '', '', '', Null, '', Null),
('nursing', 'modules/nursing/pflege.php', 'modules/news/newscolumns.php', '', '', '', '', '', '', Null, '', Null),
('edp', 'modules/admin/edv.php', 'modules/news/newscolumns.php', '', '', '', '', '', '', Null, '', Null),
('pharmacy', 'modules/pharmacy/apotheke.php', 'modules/news/newscolumns.php', '', '', '', '', '', '', Null, '', Null),
('pr', 'modules/news/start_page.php', 'modules/news/start_page.php', 'modules/news/headline-edit.php', 'modules/news/headline-read.php', 'modules/news/editor-pass.php', '', '', '', Null, '', Null),
('cafe', 'modules/cafeteria/cafenews.php', 'modules/cafeteria/cafenews.php', 'modules/cafenews/cafenews-edit.php', 'modules/cafenews/cafenews-read.php', 'modules/cafenews/cafenews-edit-pass.php', '', '', '', Null, '', Null),
('main_start', 'modules/news/start_page.php', 'modules/news/start_page.php', 'modules/news/headline-edit-select-art.php', 'modules/news/headline-read.php', '', '', '', '', Null, '', Null),
('it', 'modules/system_admin/edv.php', 'modules/news/newscolumns.php', 'modules/news/editor-4plus1-select-art.php', 'modules/news/editor-4plus1-read.php', '', '', '', '', Null, '', Null),
('admission_module', 'modules/admission/aufnahme_start.php', '', '', '', 'modules/admission/aufnahme_pass.php', '', '', '', Null, '', Null);

INSERT INTO care_role_person (`nr`, `group_nr`, `role`, `name`, `LD_var`, `status`, `modify_id`, `modify_time`, `create_id`, `create_time) VALUES 
(1, 3, 'contact', 'Contact person', 'LDContactPerson', '', '', Null, '', Null),
(2, 3, 'guarantor', 'Guarantor', 'LDGuarantor', '', '', Null, '', Null),
(3, 3, 'doctor_att', 'Attending doctor', 'LDAttDoctor', '', '', Null, '', Null),
(4, 3, 'supervisor', 'Supervisor', 'LDSupervisor', '', '', Null, '', Null),
(5, 3, 'doctor_admit', 'Admitting doctor', 'LDAdmittingDoctor', '', '', Null, '', Null),
(6, 3, 'doctor_consult', 'Consulting doctor', 'LDConsultingDoctor', '', '', Null, '', Null),
(7, 4, 'surgeon', 'Surgeon', 'LDSurgeon', '', '', Null, '', Null),
(8, 4, 'surgeon_asst', 'Assisting surgeon', 'LDAssistingSurgeon', '', '', Null, '', Null),
(9, 4, 'nurse_scrub', 'Scrub nurse', 'LDScrubNurse', '', '', Null, '', Null),
(10, 4, 'nurse_rotating', 'Rotating nurse', 'LDRotatingNurse', '', '', Null, '', Null),
(11, 4, 'nurse_anesthesia', 'Anesthesia nurse', 'LDAnesthesiaNurse', '', '', Null, '', Null),
(12, 4, 'anesthesiologist', 'Anesthesiologist', 'LDAnesthesiologist', '', '', Null, '', Null),
(13, 4, 'anesthesiologist_asst', 'Assisting anesthesiologist', 'LDAssistingAnesthesiologist', '', '', Null, '', Null),
(14, 0, 'nurse_on_call', 'Nurse On Call', 'LDNurseOnCall', '', '', Null, '', Null),
(15, 0, 'doctor_on_call', 'Doctor On Call', 'LDDoctorOnCall', '', '', Null, '', Null),
(16, 0, 'nurse', 'Nurse', 'LDNurse', '', '', Null, '', Null),
(17, 0, 'doctor', 'Doctor', 'LDDoctor', '', '', Null, '', Null);

INSERT INTO care_room (`nr`, `type_nr`, `date_create`, `date_close`, `is_temp_closed`, `room_nr`, `ward_nr`, `dept_nr`, `nr_of_beds`, `closed_beds`, `info`, `status`, `history`, `modify_id`, `modify_time`, `create_id`, `create_time) VALUES 
(1, 2, '2003-04-27', Null, 0, 1, 0, 0, 1, '', Null, '', '', '', '2003-04-27', '', '2003-04-27'),
(2, 2, '2003-04-27', Null, 0, 2, 0, 0, 1, '', Null, '', '', '', '2003-04-27', '', '2003-04-27'),
(3, 2, '2003-04-27', Null, 0, 3, 0, 0, 1, '', Null, '', '', '', '2003-04-27', '', '2003-04-27'),
(4, 2, '2003-04-27', Null, 0, 4, 0, 0, 1, '', Null, '', '', '', '2003-04-27', '', '2003-04-27'),
(5, 2, '2003-04-27', Null, 0, 5, 0, 0, 1, '', Null, '', '', '', '2003-04-27', '', '2003-04-27'),
(6, 2, '2003-04-27', Null, 0, 6, 0, 0, 1, '', Null, '', '', '', '2003-04-27', '', '2003-04-27'),
(7, 2, '2003-04-27', Null, 0, 7, 0, 0, 1, '', Null, '', '', '', '2003-04-27', '', '2003-04-27'),
(8, 2, '2003-04-27', Null, 0, 8, 0, 0, 1, '', Null, '', '', '', '2003-04-27', '', '2003-04-27'),
(9, 2, '2003-04-27', Null, 0, 9, 0, 0, 1, '', Null, '', '', '', '2003-04-27', '', '2003-04-27'),
(10, 2, '2003-04-27', Null, 0, 10, 0, 0, 1, '', Null, '', '', '', '2003-04-27', '', '2003-04-27'),
(11, 2, '2003-04-27', Null, 0, 11, 0, 0, 1, '', Null, '', '', '', '2003-04-27', '', '2003-04-27'),
(12, 2, '2003-04-27', Null, 0, 12, 0, 0, 1, '', Null, '', '', '', '2003-04-27', '', '2003-04-27'),
(13, 2, '2003-04-27', Null, 0, 13, 0, 0, 1, '', Null, '', '', '', '2003-04-27', '', '2003-04-27'),
(14, 2, '2003-04-27', Null, 0, 14, 0, 0, 1, '', Null, '', '', '', '2003-04-27', '', '2003-04-27'),
(15, 2, '2003-04-27', Null, 0, 15, 0, 0, 1, '', Null, '', '', '', '2003-04-27', '', '2003-04-27'),
(32, 7, '2003-04-27', Null, 0, 20, 0, 0, 0, '', Null, 'ok', 'none', 'admin', '2006-07-03', 'admin', '2006-07-03');

INSERT INTO care_test_findings_chemlab (`batch_nr`, `encounter_nr`, `job_id`, `test_date`, `test_time`, `group_id`, `serial_value`, `validator`, `validate_dt`, `status`, `history`, `modify_id`, `modify_time`, `create_id`, `create_time) VALUES 
(1, 0, '0', '2006-06-12', '17:06:54', 'TeSt', 'TeSt', 'TeSt', '2006-06-12', 'TeSt', 'TeSt', 'unknown', '2006-06-12', 'unknown', '2006-06-12');

INSERT INTO care_test_findings_radio (`batch_nr`, `encounter_nr`, `room_nr`, `dept_nr`, `findings`, `diagnosis`, `doctor_id`, `findings_date`, `findings_time`, `status`, `history`, `modify_id`, `modify_time`, `create_id`, `create_time`, `id) VALUES 
(0, 0, 0, 0, 'TeSt', 'TeSt', 'TeSt', '2006-06-12', '17:10:15', 'TeSt', 'TeSt', 'unknown', '2006-06-12', 'unknown', '2006-06-12', 1);

INSERT INTO care_test_group (`nr`, `group_id`, `name`, `sort_nr`, `status`, `modify_id`, `modify_time`, `create_id`, `create_time) VALUES 
(1, 'priority', 'Priority', 5, '', '', '2003-07-11', '', '2003-07-11'),
(2, 'clinical_chem', 'Clinical chemistry', 10, '', '', '2003-07-11', '', '2003-07-11'),
(3, 'liquor', 'Liquor', 15, '', '', '2003-07-11', '', Null),
(4, 'coagulation', 'Coagulation', 20, '', '', '2003-07-11', '', Null),
(5, 'hematology', 'Hematology', 25, '', '', '2003-07-11', '', Null),
(6, 'blood_sugar', 'Blood sugar', 30, '', '', '2003-07-11', '', Null),
(7, 'neonate', 'Neonate', 35, '', '', '2003-07-11', '', Null),
(8, 'proteins', 'Proteins', 40, '', '', '2003-07-11', '', Null),
(9, 'thyroid', 'Thyroid', 45, '', '', '2003-07-11', '', Null),
(10, 'hormones', 'Hormones', 50, '', '', '2003-07-11', '', Null),
(11, 'tumor_marker', 'Tumor marker', 55, '', '', '2003-07-11', '', Null),
(12, 'tissue_antibody', 'Tissue antibody', 60, '', '', '2003-07-11', '', Null),
(13, 'rheuma_factor', 'Rheuma factor', 65, '', '', '2003-07-11', '', Null),
(14, 'hepatitis', 'Hepatitis', 70, '', '', '2003-07-11', '', Null),
(15, 'biopsy', 'Biopsy', 75, '', '', '2003-07-11', '', Null),
(16, 'infection_serology', 'Infection serology', 80, '', '', '2003-07-11', '', Null),
(17, 'medicines', 'Medicines', 85, '', '', '2003-07-11', '', Null),
(18, 'prenatal', 'Prenatal', 90, '', '', '2003-07-11', '', Null),
(19, 'stool', 'Stool', 95, '', '', '2003-07-11', '', Null),
(20, 'rare', 'Rare', 100, '', '', '2003-07-11', '', Null),
(21, 'urine', 'Urine', 105, '', '', '2003-07-11', '', Null),
(22, 'total_urine', 'Total urine', 110, '', '', '2003-07-11', '', Null),
(23, 'special_params', 'Special', 115, '', '', '2003-07-11', '', Null);

INSERT INTO care_test_param (`nr`, `group_id`, `name`, `id`, `msr_unit`, `median`, `hi_bound`, `lo_bound`, `hi_critical`, `lo_critical`, `hi_toxic`, `lo_toxic`, `status`, `history`, `modify_id`, `modify_time`, `create_id`, `create_time) VALUES 
(1, 'priority', 'Quick', '00q', 'mm/s', '', '', '15', '', '', '', '', '', '', 'Elpidio Latorilla', '2003-08-06', '', Null),
(2, 'priority', 'PTT', '00ptt', 'mm/s', '', '350', '', '', '', '', '', '', '', 'Elpidio Latorilla', '2003-08-06', '', Null),
(3, 'priority', 'Hb', '00hb', 'g/dl', '', '18', '12', '', '', '', '', '', '', 'Elpidio Latorilla', '2003-08-06', '', Null),
(4, 'priority', 'Hk', '00hc', '%', '48', '58', '36', '', '', '', '', '', '', 'Elpidio Latorilla', '2003-08-06', '', Null),
(5, 'priority', 'Platelets', '00pla', 'c/cmm', '', '500000', '200000', '', '', '', '', '', '', 'Elpidio Latorilla', '2003-08-06', '', Null),
(6, 'priority', 'RBC', '00rbc', 'mil/cmm', '', '5.5', '4.5', '', '', '', '', '', '', 'Elpidio Latorilla', '2003-08-06', '', Null),
(7, 'priority', 'WBC', '00wbc', 'c/ccm', '', '9000', '5000', '', '', '', '', '', '', 'Elpidio Latorilla', '2003-08-06', '', Null),
(8, 'priority', 'Calcium', '00ca', 'mEq/ml', '', '', '', '67', '', '', '', '', '', 'Elpidio Latorilla', '2003-08-06', '', Null),
(9, 'priority', 'Sodium', '00na', 'mEq/ml', '', '100', '20', '', '', '', '', '', '', 'Elpidio Latorilla', '2003-08-06', '', Null),
(10, 'priority', 'Potassium', '00k', 'mEq/ml', '', '100', '10', '', '', '', '', '', '', 'Elpidio Latorilla', '2003-08-06', '', Null),
(11, 'priority', 'Blood sugar', '00sug', 'mg/dL', '', '140', '', '260', '', '', '', '', '', 'Elpidio Latorilla', '2003-08-06', '', Null),
(12, 'clinical_chem', 'Alk. Ph.', '0aph', '', Null, Null, Null, Null, Null, Null, Null, '', '', '', '2003-07-11', '', Null),
(13, 'clinical_chem', 'Alpha GT', '0agt', '', Null, Null, Null, Null, Null, Null, Null, '', '', '', '2003-07-11', '', Null),
(14, 'clinical_chem', 'Ammonia', '0amm', '', Null, Null, Null, Null, Null, Null, Null, '', '', '', '2003-07-11', '', Null),
(15, 'clinical_chem', 'Amylase', '0amy', '', Null, Null, Null, Null, Null, Null, Null, '', '', '', '2003-07-11', '', Null),
(16, 'clinical_chem', 'Bili total', '0bit', '', Null, Null, Null, Null, Null, Null, Null, '', '', '', '2003-07-11', '', Null),
(17, 'clinical_chem', 'Bili direct', '0bid', '', '56', '', '', '', '', '', '', '', '', 'Elpidio Latorilla', '2003-08-06', '', Null),
(18, 'clinical_chem', 'Calcium', '0ca', '', Null, Null, Null, Null, Null, Null, Null, '', '', '', '2003-07-11', '', Null),
(19, 'clinical_chem', 'Chloride', '0chl', '', Null, Null, Null, Null, Null, Null, Null, '', '', '', '2003-07-11', '', Null),
(20, 'clinical_chem', 'Chol', '0cho', '', Null, Null, Null, Null, Null, Null, Null, '', '', '', '2003-07-11', '', Null),
(21, 'clinical_chem', 'Cholinesterase', '0chol', '', Null, Null, Null, Null, Null, Null, Null, '', '', '', '2003-07-11', '', Null),
(22, 'clinical_chem', 'CKMB', '0ccmb', '', Null, Null, Null, Null, Null, Null, Null, '', '', '', '2003-07-11', '', Null),
(23, 'clinical_chem', 'CPK', '0cpc', '', Null, Null, Null, Null, Null, Null, Null, '', '', '', '2003-07-11', '', Null),
(24, 'clinical_chem', 'CRP', '0crp', '', Null, Null, Null, Null, Null, Null, Null, '', '', '', '2003-07-11', '', Null),
(25, 'clinical_chem', 'Iron', '0fe', '', Null, Null, Null, Null, Null, Null, Null, '', '', '', '2003-07-11', '', Null),
(26, 'clinical_chem', 'RBC', '0rbc', 'c/ccm', '', '', '', '', '', '', '', '', '', 'Elpidio Latorilla', '2003-08-06', '', Null),
(27, 'clinical_chem', 'free HgB', '0fhb', '', Null, Null, Null, Null, Null, Null, Null, '', '', '', '2003-07-11', '', Null),
(28, 'clinical_chem', 'GLDH', '0gldh', '', Null, Null, Null, Null, Null, Null, Null, '', '', '', '2003-07-11', '', Null),
(29, 'clinical_chem', 'GOT', '0got', '', Null, Null, Null, Null, Null, Null, Null, '', '', '', '2003-07-11', '', Null),
(30, 'clinical_chem', 'GPT', '0gpt', '', Null, Null, Null, Null, Null, Null, Null, '', '', '', '2003-07-11', '', Null),
(31, 'clinical_chem', 'Uric acid', '0ucid', '', '', '', '', '', '', '', '', '', 'Update 2003-09-05 17:34:05 Elpidio Latorilla\n', 'Elpidio Latorilla', '2003-09-05', '', Null),
(32, 'clinical_chem', 'Urea', '0urea', '', '', '', '', '', '', '', '', '', 'Update 2003-09-05 17:34:33 Elpidio Latorilla\n', 'Elpidio Latorilla', '2003-09-05', '', Null),
(33, 'clinical_chem', 'HBDH', '0hbdh', '', Null, Null, Null, Null, Null, Null, Null, '', '', '', '2003-07-11', '', Null),
(34, 'clinical_chem', 'HDL Chol', '0hdlc', '', Null, Null, Null, Null, Null, Null, Null, '', '', '', '2003-07-11', '', Null),
(35, 'clinical_chem', 'Potassium', '0pot', '', Null, Null, Null, Null, Null, Null, Null, '', '', '', '2003-07-11', '', Null),
(36, 'clinical_chem', 'Creatinine', '0cre', '', Null, Null, Null, Null, Null, Null, Null, '', '', '', '2003-07-11', '', Null),
(37, 'clinical_chem', 'Copper', '0co', '', '', '', '', '', '', '', '', '', 'Update 2003-09-05 17:22:10 Elpidio Latorilla\n', 'Elpidio Latorilla', '2003-09-05', '', Null),
(38, 'clinical_chem', 'Lactate i.P.', '0lac', '', Null, Null, Null, Null, Null, Null, Null, '', '', '', '2003-07-11', '', Null),
(39, 'clinical_chem', 'LDH', '0ldh', '', Null, Null, Null, Null, Null, Null, Null, '', '', '', '2003-07-11', '', Null),
(40, 'clinical_chem', 'LDL Chol', '0ldlc', '', Null, Null, Null, Null, Null, Null, Null, '', '', '', '2003-07-11', '', Null),
(41, 'clinical_chem', 'Lipase', '0lip', '', Null, Null, Null, Null, Null, Null, Null, '', '', '', '2003-07-11', '', Null),
(42, 'clinical_chem', 'Lipid Elpho', '0lpid', '', Null, Null, Null, Null, Null, Null, Null, '', '', '', '2003-07-11', '', Null),
(43, 'clinical_chem', 'Magnesium', '0mg', '', Null, Null, Null, Null, Null, Null, Null, '', '', '', '2003-07-11', '', Null),
(44, 'clinical_chem', 'Myoglobin', '0myo', '', Null, Null, Null, Null, Null, Null, Null, '', '', '', '2003-07-11', '', Null),
(45, 'clinical_chem', 'Sodium', '0na', '', Null, Null, Null, Null, Null, Null, Null, '', '', '', '2003-07-11', '', Null),
(46, 'clinical_chem', 'Osmolal.', '0osm', '', Null, Null, Null, Null, Null, Null, Null, '', '', '', '2003-07-11', '', Null),
(47, 'clinical_chem', 'Phosphor', '0pho', '', Null, Null, Null, Null, Null, Null, Null, '', '', '', '2003-07-11', '', Null),
(48, 'clinical_chem', 'Serum sugar', '0glo', 'mg/dL', '', '140', '', '', '', '', '', '', '', 'Elpidio Latorilla', '2003-08-06', '', Null),
(49, 'clinical_chem', 'Tri', '0tri', '', Null, Null, Null, Null, Null, Null, Null, '', '', '', '2003-07-11', '', Null),
(50, 'clinical_chem', 'Troponin T', '0tro', '', Null, Null, Null, Null, Null, Null, Null, '', '', '', '2003-07-11', '', Null),
(51, 'liquor', 'Liquor status', '1stat', '', Null, Null, Null, Null, Null, Null, Null, '', '', '', '2003-07-11', '', Null),
(52, 'liquor', 'Liquor elpho', '1elp', '', Null, Null, Null, Null, Null, Null, Null, '', '', '', '2003-07-11', '', Null),
(53, 'liquor', 'Oligoclonales IgG', '1oli', '', Null, Null, Null, Null, Null, Null, Null, '', '', '', '2003-07-11', '', Null),
(54, 'liquor', 'Reiber Scheme', '1sch', '', Null, Null, Null, Null, Null, Null, Null, '', '', '', '2003-07-11', '', Null),
(55, 'liquor', 'A1', '1a1', '', Null, Null, Null, Null, Null, Null, Null, '', '', '', '2003-07-11', '', Null),
(56, 'coagulation', 'Fibrinolysis', '2fiby', '', Null, Null, Null, Null, Null, Null, Null, '', '', '', '2003-07-11', '', Null),
(57, 'coagulation', 'Quick', '2q', '', Null, Null, Null, Null, Null, Null, Null, '', '', '', '2003-07-11', '', Null),
(58, 'coagulation', 'PTT', '2ptt', '', Null, Null, Null, Null, Null, Null, Null, '', '', '', '2003-07-11', '', Null),
(59, 'coagulation', 'PTZ', '2ptz', '', Null, Null, Null, Null, Null, Null, Null, '', '', '', '2003-07-11', '', Null),
(60, 'coagulation', 'Fibrinogen', '2fibg', '', Null, Null, Null, Null, Null, Null, Null, '', '', '', '2003-07-11', '', Null),
(61, 'coagulation', 'Sol.Fibr.mon.', '2fibs', '', Null, Null, Null, Null, Null, Null, Null, '', '', '', '2003-07-11', '', Null),
(62, 'coagulation', 'FSP dimer', '2fsp', '', Null, Null, Null, Null, Null, Null, Null, '', '', '', '2003-07-11', '', Null),
(63, 'coagulation', 'Thr.Coag.', '2coag', '', Null, Null, Null, Null, Null, Null, Null, '', '', '', '2003-07-11', '', Null),
(64, 'coagulation', 'AT III', '2at3', '', Null, Null, Null, Null, Null, Null, Null, '', '', '', '2003-07-11', '', Null),
(65, 'coagulation', 'Faktor VII', '2f8', '', Null, Null, Null, Null, Null, Null, Null, '', '', '', '2003-07-11', '', Null),
(66, 'coagulation', 'APC Resistance', '2apc', '', Null, Null, Null, Null, Null, Null, Null, '', '', '', '2003-07-11', '', Null),
(67, 'coagulation', 'Protein C', '2prc', '', Null, Null, Null, Null, Null, Null, Null, '', '', '', '2003-07-11', '', Null),
(68, 'coagulation', 'Protein S', '2prs', '', Null, Null, Null, Null, Null, Null, Null, '', '', '', '2003-07-11', '', Null),
(69, 'coagulation', 'Bleeding time', '2bt', 'ml/s', '', '', '', '', '', '', '', '', '', 'Elpidio Latorilla', '2003-08-06', '', Null),
(70, 'hematology', 'Retikulocytes', '3ret', '', Null, Null, Null, Null, Null, Null, Null, '', '', '', '2003-07-11', '', Null),
(71, 'hematology', 'Malaria', '3mal', '', Null, Null, Null, Null, Null, Null, Null, '', '', '', '2003-07-11', '', Null),
(72, 'hematology', 'Hb Elpho', '3hbe', '', Null, Null, Null, Null, Null, Null, Null, '', '', '', '2003-07-11', '', Null),
(73, 'hematology', 'HLA B 27', '3hla', '', Null, Null, Null, Null, Null, Null, Null, '', '', '', '2003-07-11', '', Null),
(74, 'hematology', 'Platelets AB', '3tab', '', Null, Null, Null, Null, Null, Null, Null, '', '', '', '2003-07-11', '', Null),
(75, 'hematology', 'WBC Phosp.', '3wbp', '', Null, Null, Null, Null, Null, Null, Null, '', '', '', '2003-07-11', '', Null),
(76, 'blood_sugar', 'Blood sugar fasting', '4bsf', '', Null, Null, Null, Null, Null, Null, Null, '', '', '', '2003-07-11', '', Null),
(77, 'blood_sugar', 'Blood sugar 9:00', '4bs9', '', Null, Null, Null, Null, Null, Null, Null, '', '', '', '2003-07-11', '', Null),
(78, 'blood_sugar', 'Blood sugar p.prandial', '4bsp', '', Null, Null, Null, Null, Null, Null, Null, '', '', '', '2003-07-11', '', Null),
(79, 'blood_sugar', 'Bl15:00', '4bs15', '', Null, Null, Null, Null, Null, Null, Null, '', '', '', '2003-07-11', '', Null),
(80, 'blood_sugar', 'Blood sugar 1', '4bs1', '', Null, Null, Null, Null, Null, Null, Null, '', '', '', '2003-07-11', '', Null),
(81, 'blood_sugar', 'Blood sugar 2', '4bs2', '', Null, Null, Null, Null, Null, Null, Null, '', '', '', '2003-07-11', '', Null),
(82, 'blood_sugar', 'Glucose stress.', '4glo', '', Null, Null, Null, Null, Null, Null, Null, '', '', '', '2003-07-11', '', Null),
(83, 'blood_sugar', 'Lactose stress', '4lac', '', Null, Null, Null, Null, Null, Null, Null, '', '', '', '2003-07-11', '', Null),
(84, 'blood_sugar', 'HBA 1c', '4hba', '', Null, Null, Null, Null, Null, Null, Null, '', '', '', '2003-07-11', '', Null),
(85, 'blood_sugar', 'Fructosamine', '4fru', '', Null, Null, Null, Null, Null, Null, Null, '', '', '', '2003-07-11', '', Null),
(86, 'neonate', 'Neonate bilirubin', '5bil', '', Null, Null, Null, Null, Null, Null, Null, '', '', '', '2003-07-11', '', Null),
(87, 'neonate', 'Cord bilirubin', '5bilc', '', Null, Null, Null, Null, Null, Null, Null, '', '', '', '2003-07-11', '', Null),
(88, 'neonate', 'Bilirubin direct', '5bild', '', Null, Null, Null, Null, Null, Null, Null, '', '', '', '2003-07-11', '', Null),
(89, 'neonate', 'Neonate sugar 1', '5glo1', 'mg/dL', '', '', '', '', '', '', '', '', '', 'Elpidio Latorilla', '2003-08-06', '', Null),
(90, 'neonate', 'Neonate sugar 2', '5glo2', 'mg/DL', '', '', '30', '', '', '', '', '', '', 'Elpidio Latorilla', '2003-08-06', '', Null),
(91, 'neonate', 'Reticulocytes', '5ret', '', Null, Null, Null, Null, Null, Null, Null, '', '', '', '2003-07-11', '', Null),
(92, 'neonate', 'B1', '5b1', '', Null, Null, Null, Null, Null, Null, Null, '', '', '', '2003-07-11', '', Null),
(93, 'proteins', 'Total proteins', '6tot', '', Null, Null, Null, Null, Null, Null, Null, '', '', '', '2003-07-11', '', Null),
(94, 'proteins', 'Albumin', '6alb', '', Null, Null, Null, Null, Null, Null, Null, '', '', '', '2003-07-11', '', Null),
(95, 'proteins', 'Elpho', '6elp', '', Null, Null, Null, Null, Null, Null, Null, '', '', '', '2003-07-11', '', Null),
(96, 'proteins', 'Immune fixation', '6imm', '', Null, Null, Null, Null, Null, Null, Null, '', '', '', '2003-07-11', '', Null),
(97, 'proteins', 'Beta2 Microglobulin.i.S', '6b2', '', Null, Null, Null, Null, Null, Null, Null, '', '', '', '2003-07-11', '', Null),
(98, 'proteins', 'Immune globulin quant.', '6img', '', Null, Null, Null, Null, Null, Null, Null, '', '', '', '2003-07-11', '', Null),
(99, 'proteins', 'IgE', '6ige', '', Null, Null, Null, Null, Null, Null, Null, '', '', '', '2003-07-11', '', Null),
(100, 'proteins', 'Haptoglobin', '6hap', '', Null, Null, Null, Null, Null, Null, Null, '', '', '', '2003-07-11', '', Null),
(101, 'proteins', 'Transferrin', '6tra', '', Null, Null, Null, Null, Null, Null, Null, '', '', '', '2003-07-11', '', Null),
(102, 'proteins', 'Ferritin', '6fer', '', Null, Null, Null, Null, Null, Null, Null, '', '', '', '2003-07-11', '', Null),
(103, 'proteins', 'Coeruloplasmin', '6coe', '', Null, Null, Null, Null, Null, Null, Null, '', '', '', '2003-07-11', '', Null),
(104, 'proteins', 'Alpha 1 Antitrypsin', '6alp', '', Null, Null, Null, Null, Null, Null, Null, '', '', '', '2003-07-11', '', Null),
(105, 'proteins', 'AFP Grav.', '6afp', '', Null, Null, Null, Null, Null, Null, Null, '', '', '', '2003-07-11', '', Null),
(106, 'proteins', 'SSW:', '6ssw', '', Null, Null, Null, Null, Null, Null, Null, '', '', '', '2003-07-11', '', Null),
(107, 'proteins', 'Alpha 1 Microglobulin', '6mic', '', Null, Null, Null, Null, Null, Null, Null, '', '', '', '2003-07-11', '', Null),
(108, 'thyroid', 'T3', '7t3', '', Null, Null, Null, Null, Null, Null, Null, '', '', '', '2003-07-11', '', Null),
(109, 'thyroid', 'Thyroxin/T4', '7t4', '', Null, Null, Null, Null, Null, Null, Null, '', '', '', '2003-07-11', '', Null),
(110, 'thyroid', 'TSH basal', '7tshb', '', Null, Null, Null, Null, Null, Null, Null, '', '', '', '2003-07-11', '', Null),
(111, 'thyroid', 'TSH stim.', '7tshs', '', Null, Null, Null, Null, Null, Null, Null, '', '', '', '2003-07-11', '', Null),
(112, 'thyroid', 'TAB', '7tab', '', Null, Null, Null, Null, Null, Null, Null, '', '', '', '2003-07-11', '', Null),
(113, 'thyroid', 'MAB', '7mab', '', Null, Null, Null, Null, Null, Null, Null, '', '', '', '2003-07-11', '', Null),
(114, 'thyroid', 'TRAB', '7trab', '', Null, Null, Null, Null, Null, Null, Null, '', '', '', '2003-07-11', '', Null),
(115, 'thyroid', 'Thyreoglobulin', '7glob', '', Null, Null, Null, Null, Null, Null, Null, '', '', '', '2003-07-11', '', Null),
(116, 'thyroid', 'Thyroxinbind.Glob.', '7thx', '', Null, Null, Null, Null, Null, Null, Null, '', '', '', '2003-07-11', '', Null),
(117, 'thyroid', 'free T3', '7ft3', '', Null, Null, Null, Null, Null, Null, Null, '', '', '', '2003-07-11', '', Null),
(118, 'thyroid', 'free T4', '7ft4', '', Null, Null, Null, Null, Null, Null, Null, '', '', '', '2003-07-11', '', Null),
(119, 'hormones', 'ACTH', '8acth', '', Null, Null, Null, Null, Null, Null, Null, '', '', '', '2003-07-11', '', Null),
(120, 'hormones', 'Aldosteron', '8ald', '', Null, Null, Null, Null, Null, Null, Null, '', '', '', '2003-07-11', '', Null),
(121, 'hormones', 'Calcitonin', '8cal', '', Null, Null, Null, Null, Null, Null, Null, '', '', '', '2003-07-11', '', Null),
(122, 'hormones', 'Cortisol', '8cor', '', Null, Null, Null, Null, Null, Null, Null, '', '', '', '2003-07-11', '', Null),
(123, 'hormones', 'Cortisol day', '8dcor', '', Null, Null, Null, Null, Null, Null, Null, '', '', '', '2003-07-11', '', Null),
(124, 'hormones', 'FSH', '8fsh', '', Null, Null, Null, Null, Null, Null, Null, '', '', '', '2003-07-11', '', Null),
(125, 'hormones', 'Gastrin', '8gas', '', Null, Null, Null, Null, Null, Null, Null, '', '', '', '2003-07-11', '', Null),
(126, 'hormones', 'HCG', '8hcg', '', Null, Null, Null, Null, Null, Null, Null, '', '', '', '2003-07-11', '', Null),
(127, 'hormones', 'Insulin', '8ins', '', Null, Null, Null, Null, Null, Null, Null, '', '', '', '2003-07-11', '', Null),
(128, 'hormones', 'Catecholam.i.P.', '8cat', '', Null, Null, Null, Null, Null, Null, Null, '', '', '', '2003-07-11', '', Null),
(129, 'hormones', 'LH', '8lh', '', Null, Null, Null, Null, Null, Null, Null, '', '', '', '2003-07-11', '', Null),
(130, 'hormones', 'Ostriol', '8osd', '', Null, Null, Null, Null, Null, Null, Null, '', '', '', '2003-07-11', '', Null),
(131, 'hormones', 'SSW:', '8ssw', '', Null, Null, Null, Null, Null, Null, Null, '', '', '', '2003-07-11', '', Null),
(132, 'hormones', 'Parat hormone', '8par', '', Null, Null, Null, Null, Null, Null, Null, '', '', '', '2003-07-11', '', Null),
(133, 'hormones', 'Progesteron', '8prg', '', Null, Null, Null, Null, Null, Null, Null, '', '', '', '2003-07-11', '', Null),
(134, 'hormones', 'Prolactin I', '8pr1', '', Null, Null, Null, Null, Null, Null, Null, '', '', '', '2003-07-11', '', Null),
(135, 'hormones', 'Prolactin II', '8pr2', '', Null, Null, Null, Null, Null, Null, Null, '', '', '', '2003-07-11', '', Null),
(136, 'hormones', 'Renin', '8ren', '', Null, Null, Null, Null, Null, Null, Null, '', '', '', '2003-07-11', '', Null),
(137, 'hormones', 'Serotonin', '8ser', '', Null, Null, Null, Null, Null, Null, Null, '', '', '', '2003-07-11', '', Null),
(138, 'hormones', 'Somatomedin C', '8som', '', Null, Null, Null, Null, Null, Null, Null, '', '', '', '2003-07-11', '', Null),
(139, 'hormones', 'Testosteron', '8tes', '', Null, Null, Null, Null, Null, Null, Null, '', '', '', '2003-07-11', '', Null),
(140, 'hormones', 'C1', '8c1', '', Null, Null, Null, Null, Null, Null, Null, '', '', '', '2003-07-11', '', Null),
(141, 'tumor_marker', 'AFP', '9afp', '', Null, Null, Null, Null, Null, Null, Null, '', '', '', '2003-07-11', '', Null),
(142, 'tumor_marker', 'CA. 15 3', '9c153', '', Null, Null, Null, Null, Null, Null, Null, '', '', '', '2003-07-11', '', Null),
(143, 'tumor_marker', 'CA. 19 9', '9c199', '', Null, Null, Null, Null, Null, Null, Null, '', '', '', '2003-07-11', '', Null),
(144, 'tumor_marker', 'CA. 125', '9c125', '', Null, Null, Null, Null, Null, Null, Null, '', '', '', '2003-07-11', '', Null),
(145, 'tumor_marker', 'CEA', '9cea', '', '', '', '', '', '', '', '', '', '', 'Elpidio Latorilla', '2003-08-06', '', Null),
(146, 'tumor_marker', 'Cyfra. 21 2', '9c212', '', Null, Null, Null, Null, Null, Null, Null, '', '', '', '2003-07-11', '', Null),
(147, 'tumor_marker', 'HCG', '9hcg', '', Null, Null, Null, Null, Null, Null, Null, '', '', '', '2003-07-11', '', Null),
(148, 'tumor_marker', 'NSE', '9nse', 'test', '', '', '', '', '', '', '', '', '', 'Elpidio Latorilla', '2003-08-06', '', Null),
(149, 'tumor_marker', 'PSA', '9psa', '', Null, Null, Null, Null, Null, Null, Null, '', '', '', '2003-07-11', '', Null),
(150, 'tumor_marker', 'SCC', '9scc', '', Null, Null, Null, Null, Null, Null, Null, '', '', '', '2003-07-11', '', Null),
(151, 'tumor_marker', 'TPA', '9tpa', '', Null, Null, Null, Null, Null, Null, Null, '', '', '', '2003-07-11', '', Null),
(152, 'tissue_antibody', 'ANA', '10ana', '', Null, Null, Null, Null, Null, Null, Null, '', '', '', '2003-07-11', '', Null),
(153, 'tissue_antibody', 'AMA', 'ama', '', Null, Null, Null, Null, Null, Null, Null, '', '', '', '2003-07-11', '', Null),
(154, 'tissue_antibody', 'DNS AB', '10dnsab', '', Null, Null, Null, Null, Null, Null, Null, '', '', '', '2003-07-11', '', Null),
(155, 'tissue_antibody', 'ASMA', '10asm', '', Null, Null, Null, Null, Null, Null, Null, '', '', '', '2003-07-11', '', Null),
(156, 'tissue_antibody', 'ENA', '10ena', '', Null, Null, Null, Null, Null, Null, Null, '', '', '', '2003-07-11', '', Null),
(157, 'tissue_antibody', 'ANCA', '10anc', '', Null, Null, Null, Null, Null, Null, Null, '', '', '', '2003-07-11', '', Null),
(158, 'rheuma_factor', 'Anti Strepto Titer', '11ast', '', Null, Null, Null, Null, Null, Null, Null, '', '', '', '2003-07-11', '', Null),
(159, 'rheuma_factor', 'Lat. RF', '11lrf', '', Null, Null, Null, Null, Null, Null, Null, '', '', '', '2003-07-11', '', Null),
(160, 'rheuma_factor', 'Streptozym', '11stz', '', Null, Null, Null, Null, Null, Null, Null, '', '', '', '2003-07-11', '', Null),
(161, 'rheuma_factor', 'Waaler Rose', '11waa', '', Null, Null, Null, Null, Null, Null, Null, '', '', '', '2003-07-11', '', Null),
(162, 'hepatitis', 'Anti HAV', '12hav', '', Null, Null, Null, Null, Null, Null, Null, '', '', '', '2003-07-11', '', Null),
(163, 'hepatitis', 'Anti HAV IgM', '12hai', '', Null, Null, Null, Null, Null, Null, Null, '', '', '', '2003-07-11', '', Null),
(164, 'hepatitis', 'Hbs Antigen', '12hba', '', Null, Null, Null, Null, Null, Null, Null, '', '', '', '2003-07-11', '', Null),
(165, 'hepatitis', 'Anti HBs Titer', '12hbt', '', Null, Null, Null, Null, Null, Null, Null, '', '', '', '2003-07-11', '', Null),
(166, 'hepatitis', 'Anti HBe', '12hbe', '', Null, Null, Null, Null, Null, Null, Null, '', '', '', '2003-07-11', '', Null),
(167, 'hepatitis', 'Anti HBc', '12hbc', '', Null, Null, Null, Null, Null, Null, Null, '', '', '', '2003-07-11', '', Null),
(168, 'hepatitis', 'Anti HBc.IgM', '12hci', '', Null, Null, Null, Null, Null, Null, Null, '', '', '', '2003-07-11', '', Null),
(169, 'hepatitis', 'Anti HCV', '12hcv', '', Null, Null, Null, Null, Null, Null, Null, '', '', '', '2003-07-11', '', Null),
(170, 'hepatitis', 'Hep.D Delta A.', '12hda', '', Null, Null, Null, Null, Null, Null, Null, '', '', '', '2003-07-11', '', Null),
(171, 'hepatitis', 'Anti HEV', '12hev', '', Null, Null, Null, Null, Null, Null, Null, '', '', '', '2003-07-11', '', Null),
(172, 'biopsy', 'Protein i.biopsy', '13pro', '', Null, Null, Null, Null, Null, Null, Null, '', '', '', '2003-07-11', '', Null),
(173, 'biopsy', 'LDH i.biopsy', '13ldh', '', Null, Null, Null, Null, Null, Null, Null, '', '', '', '2003-07-11', '', Null),
(174, 'biopsy', 'Chol.i.biopsy', '13cho', '', Null, Null, Null, Null, Null, Null, Null, '', '', '', '2003-07-11', '', Null),
(175, 'biopsy', 'CEA i.biopsy', '13cea', '', Null, Null, Null, Null, Null, Null, Null, '', '', '', '2003-07-11', '', Null),
(176, 'biopsy', 'AFP i.biopsy', '13afp', '', Null, Null, Null, Null, Null, Null, Null, '', '', '', '2003-07-11', '', Null),
(177, 'biopsy', 'Uric acid.i.biopsy', '13ure', '', Null, Null, Null, Null, Null, Null, Null, '', '', '', '2003-07-11', '', Null),
(178, 'biopsy', 'Rheuma fact.i.biopsy', '13rhe', '', Null, Null, Null, Null, Null, Null, Null, '', '', '', '2003-07-11', '', Null),
(179, 'biopsy', 'D1', '13d1', '', Null, Null, Null, Null, Null, Null, Null, '', '', '', '2003-07-11', '', Null),
(180, 'biopsy', 'D2', '13d2', '', Null, Null, Null, Null, Null, Null, Null, '', '', '', '2003-07-11', '', Null),
(181, 'infection_serology', 'Antistaph.Titer', '14stap', '', Null, Null, Null, Null, Null, Null, Null, '', '', '', '2003-07-11', '', Null),
(182, 'infection_serology', 'Adenovirus AB', '14ade', '', Null, Null, Null, Null, Null, Null, Null, '', '', '', '2003-07-11', '', Null),
(183, 'infection_serology', 'Borrelia AB', '14bor', '', Null, Null, Null, Null, Null, Null, Null, '', '', '', '2003-07-11', '', Null),
(184, 'infection_serology', 'Borr.Immunoblot', '14bori', '', Null, Null, Null, Null, Null, Null, Null, '', '', '', '2003-07-11', '', Null),
(185, 'infection_serology', 'Brucellia AB', '14bru', '', Null, Null, Null, Null, Null, Null, Null, '', '', '', '2003-07-11', '', Null),
(186, 'infection_serology', 'Campylob. AB', '14cam', '', Null, Null, Null, Null, Null, Null, Null, '', '', '', '2003-07-11', '', Null),
(187, 'infection_serology', 'Candida AB', '14can', '', Null, Null, Null, Null, Null, Null, Null, '', '', '', '2003-07-11', '', Null),
(188, 'infection_serology', 'Cardiotr.Virus', '14car', '', Null, Null, Null, Null, Null, Null, Null, '', '', '', '2003-07-11', '', Null),
(189, 'infection_serology', 'Chlamydia AB', '14chl', '', Null, Null, Null, Null, Null, Null, Null, '', '', '', '2003-07-11', '', Null),
(190, 'infection_serology', 'C.psittaci AB', '14psi', '', Null, Null, Null, Null, Null, Null, Null, '', '', '', '2003-07-11', '', Null),
(191, 'infection_serology', 'Coxsack. AB', '14cox', '', Null, Null, Null, Null, Null, Null, Null, '', '', '', '2003-07-11', '', Null),
(192, 'infection_serology', 'Cox.burn. AB(Q fever)', '14qf', '', Null, Null, Null, Null, Null, Null, Null, '', '', '', '2003-07-11', '', Null),
(193, 'infection_serology', 'Cytomegaly AB', '14cyt', '', Null, Null, Null, Null, Null, Null, Null, '', '', '', '2003-07-11', '', Null),
(194, 'infection_serology', 'EBV AB', '14ebv', '', Null, Null, Null, Null, Null, Null, Null, '', '', '', '2003-07-11', '', Null),
(195, 'infection_serology', 'Echinococcus AB', '14ecc', '', Null, Null, Null, Null, Null, Null, Null, '', '', '', '2003-07-11', '', Null),
(196, 'infection_serology', 'Echo Virus AB', '14ecv', '', Null, Null, Null, Null, Null, Null, Null, '', '', '', '2003-07-11', '', Null),
(197, 'infection_serology', 'FSME AB', '14fsme', '', Null, Null, Null, Null, Null, Null, Null, '', '', '', '2003-07-11', '', Null),
(198, 'infection_serology', 'Herpes simp. I AB', '14hs1', '', Null, Null, Null, Null, Null, Null, Null, '', '', '', '2003-07-11', '', Null),
(199, 'infection_serology', 'Herpes simp. II AB', '14hs2', '', Null, Null, Null, Null, Null, Null, Null, '', '', '', '2003-07-11', '', Null),
(200, 'infection_serology', 'HIV1/HIV2 AB', '14hiv', '', Null, Null, Null, Null, Null, Null, Null, '', '', '', '2003-07-11', '', Null),
(201, 'infection_serology', 'Influenza A AB', '14ina', '', Null, Null, Null, Null, Null, Null, Null, '', '', '', '2003-07-11', '', Null),
(202, 'infection_serology', 'Influenza B AB', '14inb', '', Null, Null, Null, Null, Null, Null, Null, '', '', '', '2003-07-11', '', Null),
(203, 'infection_serology', 'LCM AB', '14lcm', '', Null, Null, Null, Null, Null, Null, Null, '', '', '', '2003-07-11', '', Null),
(204, 'infection_serology', 'Leg.pneum AB', '14leg', '', Null, Null, Null, Null, Null, Null, Null, '', '', '', '2003-07-11', '', Null),
(205, 'infection_serology', 'Leptospiria AB', '14lep', '', Null, Null, Null, Null, Null, Null, Null, '', '', '', '2003-07-11', '', Null),
(206, 'infection_serology', 'Listeria AB', '14lis', '', Null, Null, Null, Null, Null, Null, Null, '', '', '', '2003-07-11', '', Null),
(207, 'infection_serology', 'Masern AB', '14mas', '', Null, Null, Null, Null, Null, Null, Null, '', '', '', '2003-07-11', '', Null),
(208, 'infection_serology', 'Mononucleose', '14mon', '', Null, Null, Null, Null, Null, Null, Null, '', '', '', '2003-07-11', '', Null),
(209, 'infection_serology', 'Mumps AB', '14mum', '', Null, Null, Null, Null, Null, Null, Null, '', '', '', '2003-07-11', '', Null),
(210, 'infection_serology', 'Mycoplas.pneum AB', '14myc', '', Null, Null, Null, Null, Null, Null, Null, '', '', '', '2003-07-11', '', Null),
(211, 'infection_serology', 'Neutrop Virus AB', '14neu', '', Null, Null, Null, Null, Null, Null, Null, '', '', '', '2003-07-11', '', Null),
(212, 'infection_serology', 'Parainfluenza II AB', '14pi2', '', Null, Null, Null, Null, Null, Null, Null, '', '', '', '2003-07-11', '', Null),
(213, 'infection_serology', 'Parainfluenza III AB', '14pi3', '', Null, Null, Null, Null, Null, Null, Null, '', '', '', '2003-07-11', '', Null),
(214, 'infection_serology', 'Picorna Virus AB', '14pic', '', Null, Null, Null, Null, Null, Null, Null, '', '', '', '2003-07-11', '', Null),
(215, 'infection_serology', 'Rickettsia AB', '14vric', '', Null, Null, Null, Null, Null, Null, Null, '', '', '', '2003-07-11', '', Null),
(216, 'infection_serology', 'Rteln AB', '14rot', '', Null, Null, Null, Null, Null, Null, Null, '', '', '', '2003-07-11', '', Null),
(217, 'infection_serology', 'Rteln Immune status', '14roi', '', Null, Null, Null, Null, Null, Null, Null, '', '', '', '2003-07-11', '', Null),
(218, 'infection_serology', 'RS Virus AB', '14rsv', '', Null, Null, Null, Null, Null, Null, Null, '', '', '', '2003-07-11', '', Null),
(219, 'infection_serology', 'Shigella/Salm AB', '14shi', '', Null, Null, Null, Null, Null, Null, Null, '', '', '', '2003-07-11', '', Null),
(220, 'infection_serology', 'Toxoplasma AB', '14tox', '', Null, Null, Null, Null, Null, Null, Null, '', '', '', '2003-07-11', '', Null),
(221, 'infection_serology', 'TPHA', '14tpha', '', Null, Null, Null, Null, Null, Null, Null, '', '', '', '2003-07-11', '', Null),
(222, 'infection_serology', 'Varicella AB', '14vrc', '', Null, Null, Null, Null, Null, Null, Null, '', '', '', '2003-07-11', '', Null),
(223, 'infection_serology', 'Yersinia AB', '14yer', '', Null, Null, Null, Null, Null, Null, Null, '', '', '', '2003-07-11', '', Null),
(224, 'infection_serology', 'E1', '14e1', '', Null, Null, Null, Null, Null, Null, Null, '', '', '', '2003-07-11', '', Null),
(225, 'infection_serology', 'E2', '14e2', '', Null, Null, Null, Null, Null, Null, Null, '', '', '', '2003-07-11', '', Null),
(226, 'infection_serology', 'E3', '14e3', '', Null, Null, Null, Null, Null, Null, Null, '', '', '', '2003-07-11', '', Null),
(227, 'infection_serology', 'E4', '14e4', '', Null, Null, Null, Null, Null, Null, Null, '', '', '', '2003-07-11', '', Null),
(228, 'medicines', 'Amiodaron', '15ami', '', Null, Null, Null, Null, Null, Null, Null, '', '', '', '2003-07-11', '', Null),
(229, 'medicines', 'Barbiturate.i.S.', '15bar', '', Null, Null, Null, Null, Null, Null, Null, '', '', '', '2003-07-11', '', Null),
(230, 'medicines', 'Benzodiazep.i.S.', '15ben', '', Null, Null, Null, Null, Null, Null, Null, '', '', '', '2003-07-11', '', Null),
(231, 'medicines', 'Carbamazepin', '15car', '', Null, Null, Null, Null, Null, Null, Null, '', '', '', '2003-07-11', '', Null),
(232, 'medicines', 'Clonazepam', '15clo', '', Null, Null, Null, Null, Null, Null, Null, '', '', '', '2003-07-11', '', Null),
(233, 'medicines', 'Digitoxin', '15dig', '', Null, Null, Null, Null, Null, Null, Null, '', '', '', '2003-07-11', '', Null),
(234, 'medicines', 'Digoxin', '15dgo', '', Null, Null, Null, Null, Null, Null, Null, '', '', '', '2003-07-11', '', Null),
(235, 'medicines', 'Gentamycin', '15gen', '', Null, Null, Null, Null, Null, Null, Null, '', '', '', '2003-07-11', '', Null),
(236, 'medicines', 'Lithium', '15lit', '', Null, Null, Null, Null, Null, Null, Null, '', '', '', '2003-07-11', '', Null),
(237, 'medicines', 'Phenobarbital', '15phe', '', Null, Null, Null, Null, Null, Null, Null, '', '', '', '2003-07-11', '', Null),
(238, 'medicines', 'Phenytoin', '15pny', '', Null, Null, Null, Null, Null, Null, Null, '', '', '', '2003-07-11', '', Null),
(239, 'medicines', 'Primidon', '15pri', '', Null, Null, Null, Null, Null, Null, Null, '', '', '', '2003-07-11', '', Null),
(240, 'medicines', 'Salicylic acid', '15sal', '', Null, Null, Null, Null, Null, Null, Null, '', '', '', '2003-07-11', '', Null),
(241, 'medicines', 'Theophyllin', '15the', '', Null, Null, Null, Null, Null, Null, Null, '', '', '', '2003-07-11', '', Null),
(242, 'medicines', 'Tobramycin', '15tob', '', Null, Null, Null, Null, Null, Null, Null, '', '', '', '2003-07-11', '', Null),
(243, 'medicines', 'Valproin acid', '15val', '', Null, Null, Null, Null, Null, Null, Null, '', '', '', '2003-07-11', '', Null),
(244, 'medicines', 'Vancomycin', '15van', '', Null, Null, Null, Null, Null, Null, Null, '', '', '', '2003-07-11', '', Null),
(245, 'medicines', 'Amphetamine.i.u.', '15amp', '', Null, Null, Null, Null, Null, Null, Null, '', '', '', '2003-07-11', '', Null),
(246, 'medicines', 'Antidepressant.i.u.', '15ant', '', Null, Null, Null, Null, Null, Null, Null, '', '', '', '2003-07-11', '', Null),
(247, 'medicines', 'Barbiturate.i.u.', '15bau', '', Null, Null, Null, Null, Null, Null, Null, '', '', '', '2003-07-11', '', Null),
(248, 'medicines', 'Benzodiazep.i.u.', '15beu', '', Null, Null, Null, Null, Null, Null, Null, '', '', '', '2003-07-11', '', Null),
(249, 'medicines', 'Cannabinol.i.u.', '15can', '', Null, Null, Null, Null, Null, Null, Null, '', '', '', '2003-07-11', '', Null),
(250, 'medicines', 'Cocain.i.u', '15coc', '', Null, Null, Null, Null, Null, Null, Null, '', '', '', '2003-07-11', '', Null),
(251, 'medicines', 'Methadon.i.u.', '15met', '', Null, Null, Null, Null, Null, Null, Null, '', '', '', '2003-07-11', '', Null),
(252, 'medicines', 'Opiate.i.u.', '15opi', '', Null, Null, Null, Null, Null, Null, Null, '', '', '', '2003-07-11', '', Null),
(253, 'prenatal', 'Chlamyd.cult./SSW', '16chl', '', Null, Null, Null, Null, Null, Null, Null, '', '', '', '2003-07-11', '', Null),
(254, 'prenatal', 'SSW:', '16ssw', '', Null, Null, Null, Null, Null, Null, Null, '', '', '', '2003-07-11', '', Null),
(255, 'prenatal', 'Down Screening', '16dow', '', Null, Null, Null, Null, Null, Null, Null, '', '', '', '2003-07-11', '', Null),
(256, 'prenatal', 'Strep B quick test', '16stb', '', Null, Null, Null, Null, Null, Null, Null, '', '', '', '2003-07-11', '', Null),
(257, 'prenatal', 'TPHA', '16tpha', '', Null, Null, Null, Null, Null, Null, Null, '', '', '', '2003-07-11', '', Null),
(258, 'prenatal', 'HBs Ag', '16hbs', '', Null, Null, Null, Null, Null, Null, Null, '', '', '', '2003-07-11', '', Null),
(259, 'prenatal', 'HIV1/HIV2 AV', '16hiv', '', Null, Null, Null, Null, Null, Null, Null, '', '', '', '2003-07-11', '', Null),
(260, 'stool', 'Chymotrypsin', '17chy', '', Null, Null, Null, Null, Null, Null, Null, '', '', '', '2003-07-11', '', Null),
(261, 'stool', 'Occult blood 1', '17ob1', '', Null, Null, Null, Null, Null, Null, Null, '', '', '', '2003-07-11', '', Null),
(262, 'stool', 'Occult blood 2', '17ob2', '', Null, Null, Null, Null, Null, Null, Null, '', '', '', '2003-07-11', '', Null),
(263, 'stool', 'Occult blood 3', '17ob3', '', Null, Null, Null, Null, Null, Null, Null, '', '', '', '2003-07-11', '', Null),
(264, 'rare', 'Rare H.', '18rh', '', Null, Null, Null, Null, Null, Null, Null, '', '', '', '2003-07-11', '', Null),
(265, 'rare', 'Rare E.', '18re', '', Null, Null, Null, Null, Null, Null, Null, '', '', '', '2003-07-11', '', Null),
(266, 'rare', 'Rare S.', '18rs', '', Null, Null, Null, Null, Null, Null, Null, '', '', '', '2003-07-11', '', Null),
(267, 'rare', 'Urine rare', '18uri', '', Null, Null, Null, Null, Null, Null, Null, '', '', '', '2003-07-11', '', Null),
(268, 'rare', 'F1', '18f1', '', Null, Null, Null, Null, Null, Null, Null, '', '', '', '2003-07-11', '', Null),
(269, 'rare', 'F2', '18f2', '', Null, Null, Null, Null, Null, Null, Null, '', '', '', '2003-07-11', '', Null),
(270, 'rare', 'F3', '18f3', '', Null, Null, Null, Null, Null, Null, Null, '', '', '', '2003-07-11', '', Null),
(271, 'urine', 'Urine amylase', '19amy', '', Null, Null, Null, Null, Null, Null, Null, '', '', '', '2003-07-11', '', Null),
(272, 'urine', 'Urine sugar', '19sug', '', Null, Null, Null, Null, Null, Null, Null, '', '', '', '2003-07-11', '', Null),
(273, 'urine', 'Protein.i.u.', '19pro', '', Null, Null, Null, Null, Null, Null, Null, '', '', '', '2003-07-11', '', Null),
(274, 'urine', 'Albumin.i.u.', '19alb', '', Null, Null, Null, Null, Null, Null, Null, '', '', '', '2003-07-11', '', Null),
(275, 'urine', 'Osmol.i.u.', '19osm', '', Null, Null, Null, Null, Null, Null, Null, '', '', '', '2003-07-11', '', Null),
(276, 'urine', 'Pregnancy test.', '19pre', '', Null, Null, Null, Null, Null, Null, Null, '', '', '', '2003-07-11', '', Null),
(277, 'urine', 'Cytomeg.i.urine', '19cym', '', Null, Null, Null, Null, Null, Null, Null, '', '', '', '2003-07-11', '', Null),
(278, 'urine', 'Urine cytology', '19cyt', '', Null, Null, Null, Null, Null, Null, Null, '', '', '', '2003-07-11', '', Null),
(279, 'urine', 'Bence Jones', '19bj', '', Null, Null, Null, Null, Null, Null, Null, '', '', '', '2003-07-11', '', Null),
(280, 'urine', 'Urine elpho', '19elp', '', Null, Null, Null, Null, Null, Null, Null, '', '', '', '2003-07-11', '', Null),
(281, 'urine', 'Beta2 microglobulin.i.u.', '19bm2', '', Null, Null, Null, Null, Null, Null, Null, '', '', '', '2003-07-11', '', Null),
(282, 'total_urine', 'Addis Count', '20adc', '', Null, Null, Null, Null, Null, Null, Null, '', '', '', '2003-07-11', '', Null),
(283, 'total_urine', 'Sodium i.u.', '20na', '', Null, Null, Null, Null, Null, Null, Null, '', '', '', '2003-07-11', '', Null),
(284, 'total_urine', 'Potass. i.u.', '20k', '', Null, Null, Null, Null, Null, Null, Null, '', '', '', '2003-07-11', '', Null),
(285, 'total_urine', 'Calcium i.u.', '20ca', '', Null, Null, Null, Null, Null, Null, Null, '', '', '', '2003-07-11', '', Null),
(286, 'total_urine', 'Phospor i.u.', '20pho', '', Null, Null, Null, Null, Null, Null, Null, '', '', '', '2003-07-11', '', Null),
(287, 'total_urine', 'Uric acid i.u.', '20ura', '', Null, Null, Null, Null, Null, Null, Null, '', '', '', '2003-07-11', '', Null),
(288, 'total_urine', 'Creatinin i.u.', '20cre', '', Null, Null, Null, Null, Null, Null, Null, '', '', '', '2003-07-11', '', Null),
(289, 'total_urine', 'Porphyrine i.u.', '20por', '', Null, Null, Null, Null, Null, Null, Null, '', '', '', '2003-07-11', '', Null),
(290, 'total_urine', 'Cortisol i.u.', '20cor', '', Null, Null, Null, Null, Null, Null, Null, '', '', '', '2003-07-11', '', Null),
(291, 'total_urine', 'Hydroxyprolin i.u.', '20hyd', '', Null, Null, Null, Null, Null, Null, Null, '', '', '', '2003-07-11', '', Null),
(292, 'total_urine', 'Catecholamins i.u.', '20cat', '', Null, Null, Null, Null, Null, Null, Null, '', '', '', '2003-07-11', '', Null),
(293, 'total_urine', 'Pancreol.', '20pan', '', Null, Null, Null, Null, Null, Null, Null, '', '', '', '2003-07-11', '', Null),
(294, 'total_urine', 'Gamma Aminolbulinsre.i.u.', '20gam', '', Null, Null, Null, Null, Null, Null, Null, '', '', '', '2003-07-11', '', Null),
(295, 'special_params', 'Blood alcohol', '21bal', '', Null, Null, Null, Null, Null, Null, Null, '', '', '', '2003-07-11', '', Null),
(296, 'special_params', 'CDT', '21cdt', '', Null, Null, Null, Null, Null, Null, Null, '', '', '', '2003-07-11', '', Null),
(297, 'special_params', 'Vitamin B12', '21vb12', '', Null, Null, Null, Null, Null, Null, Null, '', '', '', '2003-07-11', '', Null),
(298, 'special_params', 'Folic acid', '21fol', '', Null, Null, Null, Null, Null, Null, Null, '', '', '', '2003-07-11', '', Null),
(299, 'special_params', 'Insulin AB', '21inab', '', Null, Null, Null, Null, Null, Null, Null, '', '', '', '2003-07-11', '', Null),
(300, 'special_params', 'Intrinsic AB', '21iab', '', Null, Null, Null, Null, Null, Null, Null, '', '', '', '2003-07-11', '', Null),
(301, 'special_params', 'Stone analysis', '21sto', '', Null, Null, Null, Null, Null, Null, Null, '', '', '', '2003-07-11', '', Null),
(302, 'special_params', 'ACE', '21ace', '', Null, Null, Null, Null, Null, Null, Null, '', '', '', '2003-07-11', '', Null),
(303, 'special_params', 'G1', '21g1', '', Null, Null, Null, Null, Null, Null, Null, '', '', '', '2003-07-11', '', Null),
(304, 'special_params', 'G2', '21g2', '', Null, Null, Null, Null, Null, Null, Null, '', '', '', '2003-07-11', '', Null),
(305, 'special_params', 'G3', '21g3', '', Null, Null, Null, Null, Null, Null, Null, '', '', '', '2003-07-11', '', Null),
(306, 'special_params', 'G4', '21g4', '', Null, Null, Null, Null, Null, Null, Null, '', '', '', '2003-07-11', '', Null),
(307, 'special_params', 'G5', '21g5', '', Null, Null, Null, Null, Null, Null, Null, '', '', '', '2003-07-11', '', Null),
(308, 'special_params', 'G6', '21g6', '', Null, Null, Null, Null, Null, Null, Null, '', '', '', '2003-07-11', '', Null),
(309, 'special_params', 'G7', '21g7', '', Null, Null, Null, Null, Null, Null, Null, '', '', '', '2003-07-11', '', Null),
(310, 'special_params', 'G8', '21g8', '', Null, Null, Null, Null, Null, Null, Null, '', '', '', '2003-07-11', '', Null),
(311, 'special_params', 'G9', '21g9', '', Null, Null, Null, Null, Null, Null, Null, '', '', '', '2003-07-11', '', Null),
(312, 'special_params', 'G10', '21g10', '', Null, Null, Null, Null, Null, Null, Null, '', '', '', '2003-07-11', '', Null);

INSERT INTO care_type_anaesthesia (`nr`, `id`, `name`, `LD_var`, `description`, `status`, `modify_id`, `modify_time`, `create_id`, `create_time) VALUES 
(1, 'none', 'None', 'LDNone', '', '', '', Null, '', Null),
(2, 'unknown', 'Unknown', 'LDUnknown', '', '', '', Null, '', Null),
(3, 'general', 'General', 'LDGeneral', '', '', '', Null, '', Null),
(4, 'spinal', 'Spinal', 'LDSpinal', '', '', '', Null, '', Null),
(5, 'epidural', 'Epidural', 'LDEpidural', '', '', '', Null, '', Null),
(6, 'pudendal', 'Pudendal', 'LDPudendal', '', '', '', Null, '', Null);

INSERT INTO care_type_application (`nr`, `group_nr`, `type`, `name`, `LD_var`, `description`, `status`, `modify_id`, `modify_time`, `create_id`, `create_time) VALUES 
(1, 5, 'ita', 'ITA', 'LDITA', 'Intratracheal anesthesia', '', '', Null, '', Null),
(2, 5, 'la', 'LA', 'LDLA', 'Locally applied anesthesia', '', '', Null, '', Null),
(3, 5, 'as', 'AS', 'LDAS', 'Analgesic sedation', '', '', Null, '', Null),
(4, 5, 'mask', 'Mask', 'LDMask', 'Gas anesthesia through breathing mask', '', '', Null, '', Null),
(5, 6, 'oral', 'Oral', 'LDOral', '', '', '', Null, '', Null),
(6, 6, 'iv', 'Intravenous', 'LDIntravenous', '', '', '', Null, 'preload', Null),
(7, 6, 'sc', 'Subcutaneous', 'LDSubcutaneous', '', '', '', Null, 'preload', Null),
(8, 6, 'im', 'Intramuscular', 'LDIntramuscular', '', '', '', Null, 'preload', Null),
(9, 6, 'sublingual', 'Sublingual', 'LDSublingual', 'Applied under the tounge', '', '', Null, 'preload', Null),
(10, 6, 'ia', 'Intraarterial', 'LDIntraArterial', '', '', '', Null, 'preload', Null),
(11, 6, 'pre_admit', 'Pre-admission', 'LDPreAdmission', '', '', '', Null, 'preload', Null);

INSERT INTO care_type_assignment (`type_nr`, `type`, `name`, `LD_var`, `status`, `history`, `modify_id`, `modify_time`, `create_id`, `create_time) VALUES 
(1, 'ward', 'Ward', 'LDWard', '', '', '', Null, '', Null),
(2, 'dept', 'Department', 'LDDepartment', '', '', '', Null, '', Null),
(3, 'firm', 'Firm', 'LDFirm', '', '', '', Null, '', Null),
(4, 'clinic', 'Clinic', 'LDClinic', '', '', '', Null, '', Null);

INSERT INTO care_type_cause_opdelay (`type_nr`, `type`, `cause`, `LD_var`, `status`, `modify_id`, `modify_time`, `create_id`, `create_time) VALUES 
(1, 'patient', 'Patient was delayed', 'LDPatientDelayed', '', '', Null, '', Null),
(2, 'nurse', 'Nurses were delayed', 'LDNursesDelayed', '', '', Null, '', Null),
(3, 'surgeon', 'Surgeons were delayed', 'LDSurgeonsDelayed', '', '', Null, '', Null),
(4, 'cleaning', 'Cleaning delayed', 'LDCleaningDelayed', '', '', Null, '', Null),
(5, 'anesthesia', 'Anesthesiologist was delayed', 'LDAnesthesiologistDelayed', '', '', Null, '', Null),
(6, 'other', 'Other causes', 'LDOtherCauses', '', '', Null, '', Null);

INSERT INTO care_type_color (`color_id`, `name`, `LD_var`, `status`, `modify_id`, `modify_time`, `id) VALUES 
('yellow', 'yellow', 'LDyellow', '', '', Null, 1),
('black', 'black', 'LDblack', '', '', Null, 2),
('blue_pale', 'pale blue', 'LDpaleblue', '', '', Null, 3),
('brown', 'brown', 'LDbrown', '', '', Null, 4),
('pink', 'pink', 'LDpink', '', '', Null, 5),
('yellow_pale', 'pale yellow', 'LDpaleyellow', '', '', Null, 6),
('red', 'red', 'LDred', '', '', Null, 7),
('green_pale', 'pale green', 'LDpalegreen', '', '', Null, 8),
('violet', 'violet', 'LDviolet', '', '', Null, 9),
('blue', 'blue', 'LDblue', '', '', Null, 10),
('biege', 'biege', 'LDbiege', '', '', Null, 11),
('orange', 'orange', 'LDorange', '', '', Null, 12),
('green', 'green', 'LDgreen', '', '', Null, 13),
('rose', 'rose', 'LDrose', '', '', Null, 14);

INSERT INTO care_type_department (`nr`, `type`, `name`, `LD_var`, `description`, `status`, `modify_id`, `modify_time`, `create_id`, `create_time) VALUES 
(1, 'medical', 'Medical', 'LDMedical', 'Medical, Nursing, Diagnostics, Labs, OR', '', '', Null, '', Null),
(2, 'support', 'Support (non-medical)', 'LDSupport', 'non-medical departments', '', '', Null, '', Null),
(3, 'news', 'News', 'LDNews', 'News group or category', '', '', Null, '', Null);

INSERT INTO care_type_discharge (`nr`, `type`, `name`, `LD_var`, `status`, `modify_id`, `modify_time`, `create_id`, `create_time) VALUES 
(1, 'regular', 'Regular discharge', 'LDRegularRelease', '', '', '2003-04-15', '', '2003-04-13'),
(2, 'own', 'Patient left hospital on his own will', 'LDSelfRelease', '', '', '2003-04-15', '', '2003-04-13'),
(3, 'emergency', 'Emergency discharge', 'LDEmRelease', '', '', '2003-04-15', '', '2003-04-13'),
(4, 'change_ward', 'Change of ward', 'LDChangeWard', '', '', Null, '', '2003-04-13'),
(6, 'change_bed', 'Change of bed', 'LDChangeBed', '', '', '2003-04-15', '', '2003-04-13'),
(7, 'death', 'Death of patient', 'LDPatientDied', '', '', '2003-04-15', '', Null),
(5, 'change_room', 'Change of room', 'LDChangeRoom', '', '', '2003-04-15', '', Null),
(8, 'change_dept', 'Change of department', 'LDChangeDept', '', '', Null, '', Null);

INSERT INTO care_type_duty (`type_nr`, `type`, `name`, `LD_var`, `description`, `status`, `modify_id`, `modify_time`, `create_id`, `create_time) VALUES 
(1, 'regular', 'Regular duty', 'LDRegularDuty', '', '', '', Null, '', Null),
(2, 'standby', 'Standby duty', 'LDStandbyDuty', '', '', '', Null, '', Null),
(3, 'morning', 'Morning duty', 'LDMorningDuty', '', '', '', Null, '', Null),
(4, 'afternoon', 'Afternoon duty', 'LDAfternoonDuty', '', '', '', Null, '', Null),
(5, 'night', 'Night duty', 'LDNightDuty', '', '', '', Null, '', Null);

INSERT INTO care_type_encounter (`type_nr`, `type`, `name`, `LD_var`, `description`, `hide_from`, `status`, `history`, `modify_id`, `modify_time`, `create_id`, `create_time) VALUES 
(1, 'referral', 'Referral', 'LDEncounterReferral', 'Referral admission or visit', 0, '', '', '', Null, '', Null),
(2, 'emergency', 'Emergency', 'LDEmergency', 'Emergency admission or visit', 0, '', '', '', Null, '', Null),
(3, 'birth_delivery', 'Birth delivery', 'LDBirthDelivery', 'Admission or visit for birth delivery', 0, '', '', '', Null, '', Null),
(4, 'walk_in', 'Walk-in', 'LDWalkIn', 'Walk -in admission or visit (non-referred)', 0, '', '', '', Null, '', Null),
(5, 'accident', 'Accident', 'LDAccident', 'Emergency admission due to accident', 0, '', '', '', Null, '', Null);

INSERT INTO care_type_ethnic_orig (`nr`, `class_nr`, `name`, `LD_var`, `status`, `modify_id`, `modify_time`, `create_id`, `create_time) VALUES 
(1, 1, 'asian', 'LDAsian', '', '', Null, '', Null),
(2, 1, 'black', 'LDBlack', '', '', Null, '', Null),
(3, 1, 'caucasian', 'LDCaucasian', '', '', Null, '', Null),
(4, 1, 'white', 'LDWhite', '', '', Null, '', Null);

INSERT INTO care_type_feeding (`nr`, `group_nr`, `type`, `name`, `LD_var`, `description`, `status`, `modify_id`, `modify_time`, `create_id`, `create_time) VALUES 
(1, 2, 'breast', 'Breast', 'LDBreast', '', '', '', Null, '', Null),
(2, 2, 'formula', 'Formula', 'LDFormula', '', '', 'admin', '2006-06-15', 'admin', '2006-06-15'),
(3, 2, 'both', 'Both', 'LDBoth', '', '', '', Null, '', Null),
(4, 2, 'parenteral', 'Parenteral', 'LDParenteral', '', '', '', '2003-07-27', '', Null),
(5, 2, 'never_fed', 'Never fed', 'LDNeverFed', '', '', '', Null, '', Null);

INSERT INTO care_type_insurance (`type_nr`, `type`, `name`, `LD_var`, `description`, `status`, `history`, `modify_id`, `modify_time`, `create_id`, `create_time) VALUES 
(1, 'medical_main', 'Medical insurance', 'LDMedInsurance', 'Main (default) medical insurance', '', '', '', Null, '', Null),
(2, 'medical_extra', 'Extra medical insurance', 'LDExtraMedInsurance', 'Extra medical insurance (evt. pays extra services)', '', '', '', Null, '', Null),
(3, 'dental', 'Dental insurance', 'LDDentalInsurance', 'Separate dental plan in case not included in medical plan or simply additional private plan', '', '', '', Null, '', Null),
(4, 'disability', 'Disability plan', 'LDDisabilityPlan', 'Disability insurance plan - general , both long term & short term', '', '', '', Null, '', Null),
(5, 'disability_short', 'Disability plan (short term)', 'LDDisabilityPlanShort', 'Short term disability plan', '', '', '', Null, '', Null),
(6, 'disability_long', 'Disability plan (long term)', 'LDDisabilityPlanLong', 'Long term disability plan', '', '', '', Null, '', Null),
(7, 'retirement_income', 'Retirement  income plan (general)', 'LDRetirementIncomePlan', 'Retirement income plan - either private or income/employer supported', '', '', '', Null, '', Null),
(8, 'edu_reimbursement', 'Educational Reimbursement Plan', 'LDEduReimbursementPlan', 'Reimbursement plan for education, either private or employer supported', '', '', '', Null, '', Null),
(9, 'retirement_medical', 'Retirement medical plan', 'LDRetirementMedPlan', 'Medical plan in retirement  - might include other care services', '', '', '', Null, '', Null),
(10, 'liability', 'Liability Insurance Plan', 'LDLiabilityPlan', 'General liability insurance - either private or employer supported', '', '', '', Null, '', Null),
(11, 'malpractice', 'Malpractice Insurance Plan', 'LDMalpracticeInsurancePlan', 'Insurance plan against possible malpractice', '', '', '', Null, '', Null),
(12, 'unemployment', 'Unemployment Insurance Plan', 'LDUnemploymentPlan', 'Unemployment insurance , in case compulsory unemployment funds are guaranteed by the state, this plan is usually privately paid by the insured', '', '', '', Null, '', Null);

INSERT INTO care_type_localization (`nr`, `category`, `name`, `LD_var`, `short_code`, `LD_var_short_code`, `description`, `hide_from`, `status`, `history`, `modify_id`, `modify_time`, `create_id`, `create_time) VALUES 
(1, 'left', 'Left', 'LDLeft', 'L', 'LDLeft_s', '', '0', '', '', '', '2003-05-25', '', '2003-05-25'),
(2, 'right', 'Right', 'LDRight', 'R', 'LDRight_s', '', '0', '', '', '', '2003-05-25', '', '2003-05-25'),
(3, 'both_side', 'Both sides', 'LDBothSides', 'B', 'LDBothSides_s', '', '0', '', '', '', '2003-05-25', '', '2003-05-25');

INSERT INTO care_type_location (`nr`, `type`, `name`, `LD_var`, `description`, `status`, `modify_id`, `modify_time`, `create_id`, `create_time) VALUES 
(1, 'dept', 'Department', 'LDDepartment', '', '', '', Null, '', Null),
(2, 'ward', 'Ward', 'LDWard', '', '', '', Null, '', Null),
(3, 'firm', 'Firm', 'LDFirm', '', '', '', Null, '', Null),
(4, 'room', 'Room', 'LDRoom', '', '', '', Null, '', Null),
(5, 'bed', 'Bed', 'LDBed', '', '', '', Null, '', Null),
(6, 'clinic', 'Clinic', 'LDClinic', '', '', '', Null, '', Null);

INSERT INTO care_type_measurement (`nr`, `type`, `name`, `LD_var`, `status`, `modify_id`, `modify_time`, `create_id`, `create_time) VALUES 
(1, 'bp_systolic', 'Systolic', 'LDSystolic', '', '', Null, '', Null),
(2, 'bp_diastolic', 'Diastolic', 'LDDiastolic', '', '', Null, '', Null),
(3, 'temp', 'Temperature', 'LDTemperature', '', '', Null, '', Null),
(4, 'fluid_intake', 'Fluid intake', 'LDFluidIntake', '', '', Null, '', Null),
(5, 'fluid_output', 'Fluid output', 'LDFluidOutput', '', '', Null, '', Null),
(6, 'weight', 'Weight', 'LDWeight', '', '', Null, '', Null),
(7, 'height', 'Height', 'LDHeight', '', '', Null, '', Null),
(8, 'bp_composite', 'Sys/Dias', 'LDSysDias', '', '', '2003-04-19', '', '2003-04-19'),
(9, 'head_circumference', 'Head circumference', 'LDHeadCircumference', '', '', Null, '', Null);

INSERT INTO care_type_notes (`nr`, `type`, `name`, `LD_var`, `sort_nr`, `status`, `modify_id`, `modify_time`, `create_id`, `create_time) VALUES 
(1, 'histo_physical', 'Admission History and Physical', 'LDAdmitHistoPhysical', 5, '', '', '2003-05-17', '', Null),
(2, 'daily_doctor', 'Doctor\'s daily notes', 'LDDoctorDailyNotes', 55, '', '', '2003-05-17', '', Null),
(3, 'discharge', 'Discharge summary', 'LDDischargeSummary', 50, '', '', '2003-05-17', '', Null),
(4, 'consult', 'Consultation notes', 'LDConsultNotes', 25, '', '', '2003-05-17', '', Null),
(5, 'op', 'Operation notes', 'LDOpNotes', 100, '', '', '2003-05-17', '', Null),
(6, 'daily_ward', 'Daily ward\'s notes', 'LDDailyNurseNotes', 30, '', '', '2003-05-17', '', Null),
(7, 'daily_chart_notes', 'Chart notes', 'LDChartNotes', 20, '', '', '2003-05-17', '', Null),
(8, 'chart_notes_etc', 'PT,ATG,etc. daily notes', 'LDPTATGetc', 115, '', '', '2003-05-17', '', Null),
(9, 'daily_iv_notes', 'IV daily notes', 'LDIVDailyNotes', 75, '', '', '2003-05-17', '', Null),
(10, 'daily_anticoag', 'Anticoagulant daily notes', 'LDAnticoagDailyNotes', 15, '', '', '2003-05-17', '', Null),
(11, 'lot_charge_nr', 'Material LOT, Charge Nr.', 'LDMaterialLOTChargeNr', 80, '', '', '2003-05-17', '', Null),
(12, 'text_diagnosis', 'Diagnosis text', 'LDDiagnosis', 40, '', '', '2003-05-17', '', Null),
(13, 'text_therapy', 'Therapy text', 'LDTherapy', 120, '', '', '2003-05-17', '', Null),
(14, 'chart_extra', 'Extra notes on therapy & diagnosis', 'LDExtraNotes', 65, '', '', '2003-05-17', '', Null),
(15, 'nursing_report', 'Nursing care report', 'LDNursingReport', 85, '', '', '2003-05-17', '', Null),
(16, 'nursing_problem', 'Nursing problem report', 'LDNursingProblemReport', 95, '', '', '2003-05-17', '', Null),
(17, 'nursing_effectivity', 'Nursing effectivity report', 'LDNursingEffectivityReport', 90, '', '', '2003-05-17', '', Null),
(18, 'nursing_inquiry', 'Inquiry to doctor', 'LDInquiryToDoctor', 70, '', '', '2003-05-17', '', Null),
(19, 'doctor_directive', 'Doctor\'s directive', 'LDDoctorDirective', 60, '', '', '2003-05-17', '', Null),
(20, 'problem', 'Problem', 'LDProblem', 110, '', '', '2003-05-17', '', Null),
(21, 'development', 'Development', 'LDDevelopment', 35, '', '', '2003-05-17', '', Null),
(22, 'allergy', 'Allergy', 'LDAllergy', 10, '', '', '2003-05-17', '', Null),
(23, 'daily_diet', 'Diet plan', 'LDDietPlan', 45, '', '', '2003-05-17', '', Null),
(99, 'other', 'Other', 'LDOther', 105, '', '', '2003-05-17', '', Null);

INSERT INTO care_type_outcome (`nr`, `group_nr`, `type`, `name`, `LD_var`, `description`, `status`, `modify_id`, `modify_time`, `create_id`, `create_time) VALUES 
(1, 2, 'alive', 'Alive', 'LDAlive', '', '', '', Null, '', Null),
(2, 2, 'stillborn', 'Stillborn', 'LDStillborn', '', '', '', Null, '', Null),
(3, 2, 'early_neonatal_death', 'Early neonatal death', 'LDEarlyNeonatalDeath', '', '', '', Null, '', Null),
(4, 2, 'late_neonatal_death', 'Late neonatal death', 'LDLateNeonatalDeath', '', '', '', Null, '', Null),
(5, 2, 'death_uncertain_timing', 'Death uncertain timing', 'LDDeathUncertainTiming', '', '', '', Null, '', Null);

INSERT INTO care_type_perineum (`nr`, `id`, `name`, `LD_var`, `description`, `status`, `modify_id`, `modify_time`, `create_id`, `create_time) VALUES 
(1, 'intact', 'Intact', 'LDIntact', '', '', '', Null, '', Null),
(2, '1_degree', '1st degree tear', 'LDFirstDegreeTear', '', '', '', '2003-07-27', '', Null),
(3, '2_degree', '2nd degree tear', 'LDSecondDegreeTear', '', '', '', '2003-07-27', '', Null),
(4, '3_degree', '3rd degree tear', 'LDThirdDegreeTear', '', '', '', '2003-07-27', '', Null),
(5, 'episiotomy', 'Episiotomy', 'LDEpisiotomy', '', '', '', Null, '', Null);

INSERT INTO care_type_prescription (`nr`, `type`, `name`, `LD_var`, `status`, `modify_id`, `modify_time`, `create_id`, `create_time) VALUES 
(1, 'anticoag', 'Anticoagulant', 'LDAnticoagulant', '', '', Null, '', Null),
(2, 'hemolytic', 'Hemolytic', 'LDHemolytic', '', '', Null, '', Null),
(3, 'diuretic', 'Diuretic', 'LDDiuretic', '', '', Null, '', Null),
(4, 'antibiotic', 'Antibiotic', 'LDAntibiotic', '', '', Null, '', Null);

INSERT INTO care_type_room (`nr`, `type`, `name`, `LD_var`, `description`, `status`, `modify_id`, `modify_time`, `create_id`, `create_time) VALUES 
(1, 'ward', 'Ward room', 'LDWard', '', '', '', Null, '', Null),
(2, 'op', 'Operating room', 'LDOperatingRoom', '', '', '', Null, '', Null),
(7, 'consultation', 'Consultation room', 'LDConsultationRoom', 'Doctor consultation room', 'ok', 'admin', '2006-07-03', 'admin', '2006-07-03');

INSERT INTO care_type_test (`type_nr`, `type`, `name`, `LD_var`, `description`, `status`, `modify_id`, `modify_time`, `create_id`, `create_time) VALUES 
(1, 'chemlabor', 'Chemical-Serology Lab', 'LDChemSerologyLab', '', '', '', Null, '', Null),
(2, 'patho', 'Pathological Lab', 'LDPathoLab', '', '', '', Null, '', Null),
(3, 'baclabor', 'Bacteriological Lab', 'LDBacteriologicalLab', '', '', '', Null, '', Null),
(4, 'radio', 'Radiological Lab', 'LDRadiologicalLab', 'Lab for X-ray, Mammography, Computer Tomography, NMR', '', '', Null, '', Null),
(5, 'blood', 'Blood test & product', 'LDBloodTestProduct', '', '', '', Null, '', Null),
(6, 'generic', 'Generic test program', 'LDGenericTestProgram', '', '', '', Null, '', Null);

INSERT INTO care_type_time (`nr`, `type`, `name`, `LD_var`, `description`, `status`, `modify_id`, `modify_time`, `create_id`, `create_time) VALUES 
(1, 'patient_entry_exit', 'Patient entry/exit', 'LDPatientEntryExit', 'Times when patient entered and left the op room', '', '', Null, '', Null),
(2, 'op_start_end', 'OP start/end', 'LDOPStartEnd', 'Times when op started (1st incision) and ended (last suture)', '', '', Null, '', Null),
(3, 'delay', 'Delay time', 'LDDelayTime', 'Times when the op was delayed due to any reason', '', '', Null, '', Null),
(4, 'plaster_cast', 'Plaster cast', 'LDPlasterCast', 'Times when the plaster cast was made', '', '', Null, '', Null),
(5, 'reposition', 'Reposition', 'LDReposition', 'Times when a dislocated joint(s) was repositioned (non invasive op)', '', '', Null, '', Null),
(6, 'coro', 'Coronary catheter', 'LDCoronaryCatheter', 'Times when a coronary catherer op was done (minimal invasive op)', '', '', Null, '', Null),
(7, 'bandage', 'Bandage', 'LDBandage', 'Times when the bandage was made', '', '', Null, '', Null);

INSERT INTO care_type_unit_measurement (`nr`, `type`, `name`, `LD_var`, `description`, `status`, `modify_id`, `modify_time`, `create_id`, `create_time) VALUES 
(1, 'volume', 'Volume', 'LDVolume', '', '', '', Null, '', Null),
(2, 'weight', 'Weight', 'LDWeight', '', '', '', Null, '', Null),
(3, 'length', 'Length', 'LDLength', '', '', '', Null, '', Null),
(4, 'pressure', 'Pressure', 'LDPressure', '', '', '', Null, '', Null),
(5, 'temperature', 'Temperature', 'LDTemperature', '', '', '', '2003-04-19', '', '2003-04-19');

INSERT INTO care_unit_measurement (`nr`, `unit_type_nr`, `id`, `name`, `LD_var`, `sytem`, `use_frequency`, `status`, `modify_id`, `modify_time`, `create_id`, `create_time) VALUES 
(1, 1, 'ml', 'Milliliter', 'LDMilliliter', 'metric', Null, '', '', Null, '', Null),
(2, 2, 'mg', 'Milligram', 'LDMilligram', 'metric', Null, '', '', Null, '', Null),
(3, 3, 'mm', 'Millimeter', 'LDMillimeter', 'metric', Null, '', '', Null, '', Null),
(4, 1, 'ltr', 'liter', 'LDLiter', 'metric', Null, '', '', '2003-07-27', '', Null),
(5, 2, 'gm', 'gram', 'LDGram', 'metric', Null, '', '', Null, '', Null),
(6, 2, 'kg', 'kilogram', 'LDKilogram', 'metric', Null, '', '', Null, '', Null),
(7, 3, 'cm', 'centimeter', 'LDCentimeter', 'metric', Null, '', '', Null, '', Null),
(8, 3, 'm', 'meter', 'LDMeter', 'metric', Null, '', '', Null, '', Null),
(9, 3, 'km', 'kilometer', 'LDKilometer', 'metric', Null, '', '', Null, '', Null),
(10, 3, 'in', 'inch', 'LDInch', 'english', Null, '', '', Null, '', Null),
(11, 3, 'ft', 'foot', 'LDFoot', 'english', Null, '', '', Null, '', Null),
(12, 3, 'yd', 'yard', 'LDYard', 'english', Null, '', '', Null, '', Null),
(14, 4, 'mmHg', 'mmHg', 'LDmmHg', 'metric', Null, '', '', Null, '', Null),
(15, 5, 'celsius', 'Celsius', 'LDCelsius', 'metric', Null, '', '', Null, '', Null),
(16, 1, 'dl', 'deciliter', 'LDDeciliter', 'metric', Null, '', '', Null, '', Null),
(17, 1, 'cl', 'centiliter', 'LDCentiliter', 'metric', 0, '', '', Null, '', Null),
(18, 1, 'l', 'microliter', 'LDMicroliter', 'metric', 0, '', '', Null, '', Null);

INSERT INTO care_users (`name`, `login_id`, `password`, `personell_nr`, `lockflag`, `permission`, `exc`, `s_date`, `s_time`, `expire_date`, `expire_time`, `status`, `history`, `modify_id`, `modify_time`, `create_id`, `create_time`, `id) VALUES 
('Wesley', 'admin', '202cb962ac59075b964b07152d234b70', 0, 0, 'System_Admin', 1, Null, '0:00:00', Null, '0:00:00', '', '', 'admin', '2006-05-27', 'admin', '2006-05-29', 1),
('Another wes', 'wes', '202cb962ac59075b964b07152d234b70', 0, 0, '', 0, Null, '0:00:00', Null, '0:00:00', '', '', '', Null, '', '2006-05-29', 5),
('', 'david', 'fcf1a668124316e02a8708d52034ed82', 0, 0, '', 0, Null, '0:00:00', Null, '0:00:00', '', '', '', Null, '', '2006-06-02', 6),
('Wesley', 'admin', '21232f297a57a5a743894a0e4a801fc3', 0, 0, 'System_Admin', 1, Null, '0:00:00', Null, '0:00:00', '', '', 'admin', '2006-06-12', 'admin', '2006-06-12', 7);

INSERT INTO care_version (`name`, `type`, `number`, `build`, `date`, `time`, `releaser) VALUES 
('CARE2X', 'beta', '2.0.0', '1.0', '2004-05-14', '0:00:00', 'Elpidio Latorilla');

INSERT INTO group_permission (`group_id`, `permission_id) VALUES 
(1, 4),
(1, 1),
(1, 2),
(1, 3);

INSERT INTO inv_address_citytown (`nr`, `unece_modifier`, `unece_locode`, `name`, `zip_code`, `iso_country_id`, `unece_locode_type`, `unece_coordinates`, `info_url`, `use_frequency`, `status`, `history`, `block`, `district`, `state`, `modify_id`, `modify_time`, `create_id`, `create_time`, `sort) VALUES 
(1, Null, Null, 'Dimapur', '123123', 'IND', Null, Null, Null, 1, '', Null, 'Block 1', 'Dimapur', 'Nagaland', Null, '2006-07-21', Null, '2006-07-21', 1000),
(2, Null, Null, 'Dimapur', '123123', 'IND', Null, Null, Null, 1, '', Null, 'Block 2', 'Dimapur', 'Nagaland', Null, '2006-07-21', Null, '2006-07-21', 1000),
(7, Null, Null, 'Dimapur', '123123', 'IND', Null, Null, Null, 1, '', Null, 'Block 3', 'Dimapur', 'Nagaland', Null, '2006-07-22', Null, '2006-07-22', 1000),
(4, Null, Null, 'Kohima', '321321', 'IND', Null, Null, Null, 1, '', Null, 'Block 1', 'Kohima', 'Nagaland', Null, '2006-07-21', Null, '2006-07-21', 1000),
(5, Null, Null, 'Kohima', '321321', 'IND', Null, Null, Null, 1, '', Null, 'Block 2', 'Kohima', 'Nagaland', Null, '2006-07-21', Null, '2006-07-21', 1000),
(6, Null, Null, 'Kohima', '321321', 'IND', Null, Null, Null, 1, '', Null, 'Block 3', 'Kohima', 'Nagaland', Null, '2006-07-21', Null, '2006-07-21', 1000),
(8, Null, Null, 'New Delhi', '2323222', 'IND', Null, Null, Null, 1, '', Null, '', '', 'Delhi', Null, '2006-07-26', Null, '2006-07-26', 1000),
(9, Null, Null, 'Kolkata', '', 'IND', Null, Null, Null, 1, '', Null, '', '', 'West Bengal', Null, '2006-07-26', Null, '2006-07-26', 1000),
(10, Null, Null, 'Imphal', '', 'IND', Null, Null, Null, 1, '', Null, '', '', 'Manipur', Null, '2006-07-26', Null, '2006-07-26', 1000);

INSERT INTO inv_catalog_compound (`id`, `name`, `description`, `result_qty`, `consumed_location_id`, `status`, `modify_id`, `modify_time`, `create_id`, `create_time`, `sort) VALUES 
(1, 'Test', 'My first test compound', 1.0, 6, '', Null, '2006-07-27', Null, '2006-07-27', 1000);

INSERT INTO inv_catalog_compound_inv_grp_compound (`inv_catalog_compound_id`, `inv_grp_compound_id) VALUES 
(1, 1),
(1, 6);

INSERT INTO inv_catalog_compound_qty (`id`, `catalog_compound_id`, `catalog_item_id`, `qty`, `description`, `status`, `modify_id`, `modify_time`, `create_id`, `create_time`, `sort) VALUES 
(1, 1, 5, 3.0, 'instructions', '', 'unknown', '2006-08-17', 'unknown', '2006-08-17', 1000),
(2, 1, 27, 1.0, 'more instructions', '', 'unknown', '2006-08-17', 'unknown', '2006-08-17', 1000);

INSERT INTO inv_catalog_item (`id`, `parent_item_id`, `compound_id`, `packaging_id`, `name`, `description`, `accounting`, `is_fixed_asset`, `is_service`, `is_for_sale`, `is_selectable`, `tax`, `status`, `modify_id`, `modify_time`, `create_id`, `create_time`, `sort`, `min_stock_amt`, `reorder_amt) VALUES 
(1, Null, Null, Null, 'Pharmacy', 'Pills and stuff', '100100', 0, 0, 1, 0, Null, '', 'wesley', '2006-06-29', 'wesley', '2006-06-29', 1000, Null, Null),
(2, Null, Null, Null, 'Services', 'Services', '300100', 0, 1, 1, 0, Null, '', 'wesley', '2006-06-29', 'wesley', '2006-06-29', 1000, Null, Null),
(3, Null, Null, Null, 'Fixed Assets', 'Stuff we have', '500100', 1, 0, 0, 0, Null, '', 'wesley', '2006-06-29', 'wesley', '2006-06-29', 1000, Null, Null),
(4, 33, Null, 3, 'Norflox', 'Get rid of foreigners in the stomach', '500100', 0, 0, 1, 1, Null, '', 'wesley', '2006-06-29', 'wesley', '2006-06-29', 1000, Null, Null),
(5, 1, Null, Null, 'Paracitimol', 'Something for the pain', '500100', 0, 0, 1, 1, 0.12, '', 'wesley', '2006-06-29', 'wesley', '2006-06-29', 1000, Null, Null),
(6, 1, Null, Null, 'Mango smoothie', 'Real good medicine', '500100', 0, 0, 1, 1, Null, '', 'wesley', '2006-06-29', 'wesley', '2006-06-29', 1000, Null, Null),
(7, 1, Null, Null, 'Flinstones chewable morphine', 'Simpsons medicine', '500100', 0, 0, 1, 1, Null, '', 'wesley', '2006-06-29', 'wesley', '2006-06-29', 1000, Null, Null),
(8, 21, Null, Null, 'Registration', 'Service for all patients', '500100', 0, 1, 1, 1, Null, '', 'wesley', '2006-06-29', 'wesley', '2006-06-29', 1000, Null, Null),
(9, 2, Null, Null, 'Internet', 'Top paying patients might opt for this', '500100', 0, 1, 1, 1, Null, '', 'wesley', '2006-06-29', 'wesley', '2006-06-29', 1000, Null, Null),
(10, 2, Null, Null, 'Hair cut', 'While you wait...', '500100', 0, 1, 1, 1, Null, '', 'wesley', '2006-06-29', 'wesley', '2006-06-29', 1000, Null, Null),
(11, 21, Null, Null, 'Booklet printing', 'Usually for new registration', '500100', 0, 1, 1, 1, Null, '', 'wesley', '2006-06-29', 'wesley', '2006-06-29', 1000, Null, Null),
(12, 16, Null, Null, 'Computer', 'Item to do complex calculations', '500100', 1, 0, 0, 1, Null, '', 'wesley', '2006-06-29', 'wesley', '2006-06-29', 1000, Null, Null),
(13, 16, Null, Null, 'Desk', 'To put your chai mug on', '500100', 1, 0, 0, 1, Null, '', 'wesley', '2006-06-29', 'wesley', '2006-06-29', 1000, Null, Null),
(14, 16, Null, Null, 'Chair', 'To rest while you drink ice tea', '500100', 1, 0, 0, 1, Null, '', 'wesley', '2006-06-29', 'wesley', '2006-06-29', 1000, Null, Null),
(15, 3, Null, Null, 'Coffee machine', 'Essential to the survival of many', '500100', 1, 0, 0, 1, Null, '', 'wesley', '2006-06-29', 'wesley', '2006-06-29', 1000, Null, Null),
(16, 3, Null, Null, 'Office', 'Office supplies', '1000-2000', 1, 0, 0, 0, Null, '', Null, '2006-07-13', Null, '2006-07-13', 1000, Null, Null),
(17, 3, Null, Null, 'Staff housing', 'Items used in staff housing', '', 1, 0, 0, 0, Null, '', Null, '2006-07-14', Null, '2006-07-14', 1000, Null, Null),
(18, 17, Null, Null, 'Bed', 'for sleeping', '', 1, 0, 0, 1, Null, '', Null, '2006-07-14', Null, '2006-07-14', 1000, Null, Null),
(19, 17, Null, Null, 'Dining table', 'for eating', '', 1, 0, 0, 1, Null, '', Null, '2006-07-14', Null, '2006-07-14', 1000, Null, Null),
(24, 12, Null, Null, 'Keyboard', '', '500100', 1, 0, 0, 1, Null, '', Null, '2006-07-14', Null, '2006-07-14', 1000, Null, Null),
(21, 2, Null, Null, 'Patient', 'Patient services', '300100', 0, 1, 1, 0, Null, '', Null, '2006-07-14', Null, '2006-07-14', 1000, Null, Null),
(22, 21, Null, Null, 'Lab tests', 'tests', '300100', 0, 1, 1, 1, Null, '', Null, '2006-07-14', Null, '2006-07-14', 1000, Null, Null),
(23, 1, Null, Null, 'Pain relievers', '', '100100', 0, 0, 1, 1, Null, '', Null, '2006-07-14', Null, '2006-07-14', 1000, Null, Null),
(25, 12, Null, Null, 'Mouse', '', '500100', 1, 0, 0, 1, Null, '', Null, '2006-07-14', Null, '2006-07-14', 1000, Null, Null),
(26, 12, Null, Null, 'Monitor', '', '500100', 1, 0, 0, 1, Null, '', Null, '2006-07-14', Null, '2006-07-14', 1000, Null, Null),
(27, 1, Null, 1, 'Cough syrup', 'good for soothing the throat', '100100', 0, 0, 1, 1, Null, '', Null, '2006-07-27', Null, '2006-07-27', 1000, Null, Null),
(28, Null, Null, Null, 'Medical', 'Items used in medical procedures, not for sale', '', 0, 0, 0, 0, Null, '', 'admin', '2006-07-31', 'admin', '2006-07-31', 1000, Null, Null),
(29, 28, Null, Null, 'Needles', 'To dispense medicine to patients.', '', 0, 0, 0, 1, 0.08, '', 'admin', '2006-07-31', 'admin', '2006-07-31', 1000, Null, Null),
(30, 1, Null, Null, 'Compounds', 'Items which we create from other inventory items', '100100', 0, 0, 1, 0, Null, '', 'unknown', '2006-08-17', 'unknown', '2006-08-17', 1000, Null, Null),
(31, 30, 1, 5, 'Mush', 'A test composite', '100100', 0, 0, 1, 1, Null, '', 'unknown', '2006-08-17', 'unknown', '2006-08-17', 1000, Null, Null),
(32, 30, 1, 5, 'Mish-Mash', 'A 2nd test composite', '100100', 0, 0, 1, 1, Null, '', 'unknown', '2006-08-17', 'unknown', '2006-08-17', 1000, Null, Null),
(33, 1, Null, Null, 'Tablets', 'Tablet medicines', '', 0, 0, 1, 0, Null, '', 'unknown', '2006-08-26', 'unknown', '2006-08-26', 1000, Null, Null);

INSERT INTO inv_catalog_item_inv_grp_stock (`inv_catalog_item_id`, `inv_grp_stock_id) VALUES 
(5, 1),
(12, 2),
(26, 2),
(25, 2),
(9, 2),
(24, 2),
(2, 5),
(21, 5),
(21, 6),
(8, 5),
(8, 6),
(11, 5),
(11, 6),
(22, 5),
(22, 6),
(1, 1),
(27, 1),
(28, 5),
(28, 6),
(29, 5),
(29, 6),
(30, 1),
(4, 1),
(7, 1),
(30, 7),
(31, 1),
(31, 7),
(32, 1),
(32, 7),
(16, 3),
(24, 3);

INSERT INTO inv_customer (`id`, `name`, `phone1`, `phone2`, `fax`, `e_mail1`, `email2`, `city_id`, `address_label`, `credit_amount`, `accounting`, `inventory_location_id`, `status`, `modify_id`, `modify_time`, `create_id`, `create_time`, `sort) VALUES 
(1, 'George Eapen', '432323433', '', '', '', '', 6, '32 Something 1st Floor\nKohima, NL\nIND', 200.0, '2130-023210', Null, '', Null, '2006-07-27', Null, '2006-07-27', 1000),
(3, 'Wesley Penner', '4134 5583', '', '', 'wes@mail.com', '', 8, '216/B/2\nGuatam Nagar\nNew Delhi', 1000.0, '', 7, '', 'unknown', '2006-08-23', 'unknown', '2006-08-23', 1000);

INSERT INTO inv_customer_inv_grp_customer (`inv_customer_id`, `inv_grp_customer_id) VALUES 
(1, 5);

INSERT INTO inv_goods_received (`id`, `purchase_order_id`, `date_received`, `notes`, `status`, `modify_id`, `modify_time`, `create_id`, `create_time`, `sort) VALUES 
(9, 7, '2006-08-11', Null, '', 'unknown', '2006-08-11', 'unknown', '2006-08-11', 1000),
(10, 6, '2006-08-14', Null, '', 'unknown', '2006-08-14', 'unknown', '2006-08-14', 1000),
(11, 8, '2006-08-15', Null, '', 'unknown', '2006-08-15', 'unknown', '2006-08-15', 1000),
(12, 9, '2006-08-15', Null, '', 'unknown', '2006-08-15', 'unknown', '2006-08-15', 1000),
(13, 11, '2006-08-22', Null, '', 'unknown', '2006-08-22', 'unknown', '2006-08-22', 1000),
(14, 7, '2006-08-25', Null, '', 'unknown', '2006-08-25', 'unknown', '2006-08-25', 1000),
(15, 10, '2006-08-26', Null, '', 'unknown', '2006-08-26', 'unknown', '2006-08-26', 1000);

INSERT INTO inv_grp_compound (`id`, `name`, `description`, `status`, `modify_id`, `modify_time`, `create_id`, `create_time`, `sort) VALUES 
(1, 'Pharmacy', 'Pharmaceutical items', '', Null, '2006-07-22', Null, '2006-07-22', 1000),
(2, 'Services', 'Services put together into one part', '', Null, '2006-07-22', Null, '2006-07-22', 1000),
(5, 'Service and stock', 'Services mixed with stock items', '', Null, '2006-07-27', Null, '2006-07-27', 1000),
(6, 'Dangerous', 'Compositions which are dangerous to produce', '', Null, '2006-07-27', Null, '2006-07-27', 1000),
(7, 'Hospital only', 'Items for Hospital consumption only', '', Null, '2006-07-27', Null, '2006-07-27', 1000);

INSERT INTO inv_grp_customer (`id`, `name`, `description`, `status`, `modify_id`, `modify_time`, `create_id`, `create_time`, `sort) VALUES 
(1, 'Employee', 'People who are employed by the hospital', '', Null, '2006-07-22', Null, '2006-07-22', 1000),
(2, 'People Group', 'another group', '', Null, '2006-07-22', Null, '2006-07-22', 1000),
(3, 'Insured', 'People who are covered by Insurance', '', Null, '2006-07-22', Null, '2006-07-22', 1000),
(5, 'Patient', 'People who are current patients', '', Null, '2006-07-26', Null, '2006-07-26', 1000),
(6, 'Community health program', 'Patient added through community health', '', Null, '2006-07-26', Null, '2006-07-26', 1000);

INSERT INTO inv_grp_location (`id`, `name`, `description`, `status`, `modify_id`, `modify_time`, `create_id`, `create_time`, `sort) VALUES 
(1, 'Main', 'Main building', '', Null, '2006-07-22', Null, '2006-07-22', 1000),
(2, 'Residence', 'Residence buildings', '', Null, '2006-07-22', Null, '2006-07-22', 1000);

INSERT INTO inv_grp_location_inv_location (`inv_grp_location_id`, `inv_location_id) VALUES 
(1, 1),
(1, 2);

INSERT INTO inv_grp_packaging (`id`, `name`, `description`, `status`, `modify_id`, `modify_time`, `create_id`, `create_time`, `sort) VALUES 
(1, 'Wharehouse', 'General Wharehouse packaging types', '', Null, '2006-07-24', Null, '2006-07-24', 1000),
(3, 'Pharmacy', 'Pharmaceutical packaging', '', Null, '2006-07-25', Null, '2006-07-25', 1000);

INSERT INTO inv_grp_packaging_inv_packaging (`inv_grp_packaging_id`, `inv_packaging_id) VALUES 
(3, 1),
(3, 3);

INSERT INTO inv_grp_stock (`id`, `name`, `description`, `status`, `modify_id`, `modify_time`, `create_id`, `create_time`, `sort) VALUES 
(1, 'Pharmacy', 'Pharmacy items', '', Null, '2006-07-24', Null, '2006-07-24', 1000),
(2, 'Computer', 'Computer items', '', Null, '2006-07-24', Null, '2006-07-24', 1000),
(3, 'Office supplies', 'Regular office supplies', '', Null, '2006-07-24', Null, '2006-07-24', 1000),
(4, 'Maintenance', 'Maintenance stuff', '', Null, '2006-07-24', Null, '2006-07-24', 1000),
(5, 'Services', 'Service items', '', Null, '2006-07-25', Null, '2006-07-25', 1000),
(6, 'Patient', 'Items specifically for patients', '', Null, '2006-07-25', Null, '2006-07-25', 1000),
(7, 'Compound', 'Items which are compounded together to form a new item', '', 'unknown', '2006-08-17', 'unknown', '2006-08-17', 1000);

INSERT INTO inv_grp_vendor (`id`, `name`, `description`, `status`, `modify_id`, `modify_time`, `create_id`, `create_time`, `sort) VALUES 
(1, 'Office supplies', 'Vendor which supplies office stuff: paper, staples, etc..', '', 'admin', '2006-07-24', 'admin', '2006-07-24', 1000),
(2, 'Computer', 'A computer supplier', '', 'admin', '2006-07-24', 'admin', '2006-07-24', 1000),
(3, 'Pharmacy', 'A pharmaceutical supplier', '', 'admin', '2006-07-24', 'admin', '2006-07-24', 1000),
(4, 'Auto dealership', 'Sells vehicles', '', 'admin', '2006-07-24', 'admin', '2006-07-24', 1000),
(5, 'Electrical', 'Electrical supplies', '', 'admin', '2006-07-24', 'admin', '2006-07-24', 1000);

INSERT INTO inv_grp_vendor_inv_vendor (`inv_grp_vendor_id`, `inv_vendor_id) VALUES 
(1, 1),
(3, 1),
(2, 1),
(1, 2),
(3, 2),
(5, 2),
(2, 3);

INSERT INTO inv_location (`id`, `name`, `description`, `can_receive`, `can_sell`, `is_consumed`, `is_store`, `status`, `modify_id`, `modify_time`, `create_id`, `create_time`, `sort) VALUES 
(1, 'Main Wharehouse', 'At the center of the place', 1, 0, 0, 1, '', Null, '2006-07-28', Null, '2006-07-28', 1000),
(2, 'Pharmacy Main', 'The central pharmacy', 0, 1, 0, 1, '', Null, '2006-07-28', Null, '2006-07-28', 1000),
(4, 'Admin office', 'Central building.', 0, 0, 1, 0, '', 'unknown', '2006-08-14', 'unknown', '2006-08-14', 1000),
(5, 'General Garbage', 'Regular items are disposed in this area', 0, 0, 1, 0, '', 'unknown', '2006-08-17', 'unknown', '2006-08-17', 1000),
(6, 'Item Compounds', 'Portions of stock items which are consumed in the process of making new stock items are moved to this location and marked consumed', 0, 0, 1, 0, '', 'unknown', '2006-08-17', 'unknown', '2006-08-17', 1000),
(7, 'Customer Purchase', 'Where inventory goes when the item is purchased by a customer', 0, 0, 1, 0, '', 'unknown', '2006-08-23', 'unknown', '2006-08-23', 1000);

INSERT INTO inv_packaging (`id`, `name`, `description`, `status`, `modify_id`, `modify_time`, `create_id`, `create_time`, `sort) VALUES 
(1, '1L bottle', 'Used for holding liquid', '', Null, '2006-07-27', Null, '2006-07-27', 1000),
(4, 'Bottle 20ml', '', '', 'unknown', '2006-08-17', 'unknown', '2006-08-17', 1000),
(3, 'Pill (500mg)', '500 milligram pills', '', Null, '2006-07-27', Null, '2006-07-27', 1000),
(5, 'Bottle 500ml', '', '', 'unknown', '2006-08-17', 'unknown', '2006-08-17', 1000),
(6, 'Pill 500mg', '', '', 'unknown', '2006-08-17', 'unknown', '2006-08-17', 1000),
(7, 'Pill 200mg', '', '', 'unknown', '2006-08-17', 'unknown', '2006-08-17', 1000),
(8, 'Pill 250mg', '', '', 'unknown', '2006-08-17', 'unknown', '2006-08-17', 1000),
(9, 'Pill', '', '', 'unknown', '2006-08-17', 'unknown', '2006-08-17', 1000);

INSERT INTO inv_po_items (`id`, `purchase_order_id`, `catalog_item_id`, `quantity_requested`, `quantity_received`, `quote_price`, `actual_price`, `notes`, `status`, `modify_id`, `modify_time`, `create_id`, `create_time`, `sort) VALUES 
(11, 8, 27, 200.0, 200.0, 50.0, 50.0, 'Red colour', '', 'unknown', '2006-08-15', 'unknown', '2006-08-15', 1000),
(10, 7, 26, 10.0, 10.0, 300.0, 4000.0, '', '', 'unknown', '2006-08-10', 'unknown', '2006-08-10', 1000),
(7, 6, 12, 10.0, 10.0, 40000.0, 39000.0, '', '', 'unknown', '2006-08-10', 'unknown', '2006-08-10', 1000),
(8, 6, 25, 10.0, 10.0, 215.0, 215.0, '', '', 'unknown', '2006-08-10', 'unknown', '2006-08-10', 1000),
(9, 7, 9, 1.0, 1.0, 1000.0, 2000.0, '', '', 'unknown', '2006-08-10', 'unknown', '2006-08-10', 1000),
(12, 9, 5, 200000.0, 200000.0, 2.5, 2.2, 'blue packaging', '', 'unknown', '2006-08-15', 'unknown', '2006-08-15', 1000),
(13, 10, 5, 200.0, 20.0, 20.0, 12.0, '', '', 'unknown', '2006-08-22', 'unknown', '2006-08-22', 1000),
(14, 10, 27, 500.0, 0.0, 50.0, 0.0, '', '', 'unknown', '2006-08-22', 'unknown', '2006-08-22', 1000),
(15, 11, 4, 1000.0, 1000.0, 22.0, 22.0, '', '', 'unknown', '2006-08-22', 'unknown', '2006-08-22', 1000),
(16, 11, 7, 500.0, 500.0, 150.0, 150.0, '', '', 'unknown', '2006-08-22', 'unknown', '2006-08-22', 1000),
(17, 12, 25, 100.0, 0.0, 275.0, 0.0, 'optical', '', 'unknown', '2006-08-25', 'unknown', '2006-08-25', 1000),
(18, 13, 24, 100.0, 0.0, 200.0, 0.0, 'black colour', '', 'unknown', '2006-08-25', 'unknown', '2006-08-25', 1000),
(19, 13, 26, 100.0, 0.0, 6000.0, 0.0, 'LCD flat panels', '', 'unknown', '2006-08-25', 'unknown', '2006-08-25', 1000),
(20, 14, 26, 2.0, 0.0, 300.0, 0.0, '', '', 'unknown', '2006-08-26', 'unknown', '2006-08-26', 1000),
(21, 14, 25, 3.0, 0.0, 275.0, 0.0, '', '', 'unknown', '2006-08-26', 'unknown', '2006-08-26', 1000),
(22, 14, 24, 2.0, 0.0, 300.0, 0.0, '', '', 'unknown', '2006-08-26', 'unknown', '2006-08-26', 1000);

INSERT INTO inv_purchase_order (`id`, `vendor_id`, `po_sent_on_date`, `expected_delivery_date`, `notes`, `status`, `modify_id`, `modify_time`, `create_id`, `create_time`, `sort) VALUES 
(10, 1, '2006-08-22', Null, Null, '', 'unknown', '2006-08-22', 'unknown', '2006-08-22', 1000),
(8, 1, '2006-08-15', Null, Null, '', 'unknown', '2006-08-15', 'unknown', '2006-08-15', 1000),
(7, 3, '2006-08-10', Null, Null, '', 'unknown', '2006-08-10', 'unknown', '2006-08-10', 1000),
(6, 5, '2006-08-10', Null, Null, '', 'unknown', '2006-08-10', 'unknown', '2006-08-10', 1000),
(9, 2, '2006-08-15', Null, Null, '', 'unknown', '2006-08-15', 'unknown', '2006-08-15', 1000),
(11, 2, '2006-08-22', Null, Null, '', 'unknown', '2006-08-22', 'unknown', '2006-08-22', 1000),
(12, 3, '2006-08-25', Null, Null, '', 'unknown', '2006-08-25', 'unknown', '2006-08-25', 1000),
(13, 5, '2006-08-25', Null, Null, '', 'unknown', '2006-08-25', 'unknown', '2006-08-25', 1000),
(14, 3, '2006-08-26', Null, Null, '', 'unknown', '2006-08-26', 'unknown', '2006-08-26', 1000);

INSERT INTO inv_quote (`id`, `vendor_id`, `quote_request_id`, `valid_on`, `notes`, `status`, `modify_id`, `modify_time`, `create_id`, `create_time`, `sort) VALUES 
(3, 3, 1, '2006-07-28', 'Computer quote', '', Null, '2006-07-28', Null, '2006-07-28', 1000),
(4, 1, 3, '2006-07-29', 'Pharmacy', '', Null, '2006-07-28', Null, '2006-07-28', 1000),
(6, 2, 3, '2006-08-07', '', '', 'unknown', '2006-08-07', 'unknown', '2006-08-07', 1000),
(7, 3, 4, '2006-08-31', '', '', 'unknown', '2006-08-08', 'unknown', '2006-08-08', 1000),
(8, 5, 1, '2006-08-07', 'Competing computer quote', '', 'unknown', '2006-08-09', 'unknown', '2006-08-09', 1000),
(9, 1, 5, '2006-08-23', '', '', 'unknown', '2006-08-22', 'unknown', '2006-08-22', 1000),
(10, 2, 5, '2006-08-23', '', '', 'unknown', '2006-08-22', 'unknown', '2006-08-22', 1000),
(11, Null, 3, '2006-08-31', '', '', 'unknown', '2006-08-26', 'unknown', '2006-08-26', 1000);

INSERT INTO inv_quote_items (`id`, `quote_id`, `catalog_item_id`, `product`, `price`, `ranking`, `notes`, `status`, `modify_id`, `modify_time`, `create_id`, `create_time`, `sort) VALUES 
(6, 3, 24, 'Logitech Ergonomic', 300.0, 1, 'ergonomic type', '', 'unknown', '2006-08-05', 'unknown', '2006-08-05', 1000),
(5, 3, 12, 'OEM AMD64', 40000.0, 3, 'core duo, 1GB RAM', '', 'unknown', '2006-08-05', 'unknown', '2006-08-05', 1000),
(7, 3, 25, 'Logitech 9 button', 275.0, 1, '', '', 'unknown', '2006-08-05', 'unknown', '2006-08-05', 1000),
(8, 3, 26, 'Daytek wide-angle', 14000.0, 2, '15 inch flat panel', '', 'unknown', '2006-08-05', 'unknown', '2006-08-05', 1000),
(17, 4, 5, 'Generic blue', 2.0, 1, 'we need lots of pills, 500mg', '', 'unknown', '2006-08-07', 'unknown', '2006-08-07', 1000),
(15, 4, 27, 'Vics cough syrup', 50.0, 1, 'The red coloured stuff', '', 'unknown', '2006-08-07', 'unknown', '2006-08-07', 1000),
(20, 7, 26, '', 300.0, 100, '', '', 'unknown', '2006-08-08', 'unknown', '2006-08-08', 1000),
(21, 7, 9, '', 1000.0, 100, '', '', 'unknown', '2006-08-08', 'unknown', '2006-08-08', 1000),
(18, 6, 5, 'Generic', 2.5, 2, 'we need lots of pills, 500mg', '', 'unknown', '2006-08-07', 'unknown', '2006-08-07', 1000),
(19, 6, 27, 'Buckleys', 35.0, 1, 'The red coloured stuff', '', 'unknown', '2006-08-07', 'unknown', '2006-08-07', 1000),
(22, 8, 26, 'HP Brand', 6000.0, 1, '15 inch flat panel', '', 'unknown', '2006-08-09', 'unknown', '2006-08-09', 1000),
(23, 8, 24, 'Generic', 200.0, 2, 'Ergonomic', '', 'unknown', '2006-08-09', 'unknown', '2006-08-09', 1000),
(24, 8, 25, 'Microsoft Mouse', 215.0, 2, '', '', 'unknown', '2006-08-09', 'unknown', '2006-08-09', 1000),
(25, 8, 12, 'HP Proliant Desktop', 40000.0, 2, 'core duo, 1GB RAM', '', 'unknown', '2006-08-09', 'unknown', '2006-08-09', 1000),
(26, 9, 5, 'Kopf-schmerz', 20.0, 2, '', '', 'unknown', '2006-08-22', 'unknown', '2006-08-22', 1000),
(27, 9, 27, 'Halz-schmerz', 50.0, 2, '', '', 'unknown', '2006-08-22', 'unknown', '2006-08-22', 1000),
(28, 9, 4, 'Bauch-schmerz', 25.0, 2, '', '', 'unknown', '2006-08-22', 'unknown', '2006-08-22', 1000),
(29, 9, 7, 'Alles-shmerz', 120.0, 2, '', '', 'unknown', '2006-08-22', 'unknown', '2006-08-22', 1000),
(30, 10, 5, 'Paramount', 20.0, 3, '', '', 'unknown', '2006-08-22', 'unknown', '2006-08-22', 1000),
(31, 10, 27, 'Syruphome', 60.0, 3, '', '', 'unknown', '2006-08-22', 'unknown', '2006-08-22', 1000),
(32, 10, 4, 'NortonAV', 22.0, 1, '', '', 'unknown', '2006-08-22', 'unknown', '2006-08-22', 1000),
(33, 10, 7, 'MorFlin', 150.0, 1, '', '', 'unknown', '2006-08-22', 'unknown', '2006-08-22', 1000);

INSERT INTO inv_quote_request (`id`, `request_date`, `notes`, `status`, `modify_id`, `modify_time`, `create_id`, `create_time`, `sort) VALUES 
(1, '2006-07-28', 'Computer requests', '', Null, '2006-07-28', Null, '2006-07-28', 1000),
(3, '2006-08-07', 'Pharmacy', '', 'unknown', '2006-08-07', 'unknown', '2006-08-07', 1000),
(4, '2006-08-08', 'A new computer request', '', 'unknown', '2006-08-08', 'unknown', '2006-08-08', 1000),
(5, '2006-08-22', 'Looking for pharmacy items again', '', 'unknown', '2006-08-22', 'unknown', '2006-08-22', 1000),
(6, '2006-08-26', 'another computer quote', '', 'unknown', '2006-08-26', 'unknown', '2006-08-26', 1000);

INSERT INTO inv_quote_request_inv_vendor (`inv_quote_request_id`, `inv_vendor_id) VALUES 
(3, 2),
(3, 1),
(1, 3),
(4, 3),
(4, 2),
(1, 5),
(5, 1),
(5, 2),
(6, 3),
(6, 5);

INSERT INTO inv_quote_request_items (`id`, `quote_request_id`, `catalog_item_id`, `qty`, `notes`, `status`, `modify_id`, `modify_time`, `create_id`, `create_time`, `sort) VALUES 
(39, 1, 26, 2, '15 inch flat panel', '', 'unknown', '2006-08-07', 'unknown', '2006-08-07', 1000),
(40, 1, 24, 2, 'Ergonomic', '', 'unknown', '2006-08-07', 'unknown', '2006-08-07', 1000),
(38, 1, 25, 2, '', '', 'unknown', '2006-08-07', 'unknown', '2006-08-07', 1000),
(37, 1, 12, 2, 'core duo, 1GB RAM', '', 'unknown', '2006-08-07', 'unknown', '2006-08-07', 1000),
(41, 3, 5, 2000000000, 'we need lots of pills, 500mg', '', 'unknown', '2006-08-07', 'unknown', '2006-08-07', 1000),
(49, 5, 5, 2000, '', '', 'unknown', '2006-08-22', 'unknown', '2006-08-22', 1000),
(43, 3, 27, 10000000, 'The red coloured stuff', '', 'unknown', '2006-08-07', 'unknown', '2006-08-07', 1000),
(44, 4, 12, 2, '', '', 'unknown', '2006-08-08', 'unknown', '2006-08-08', 1000),
(45, 4, 26, 2, '', '', 'unknown', '2006-08-08', 'unknown', '2006-08-08', 1000),
(46, 4, 25, 2, '', '', 'unknown', '2006-08-08', 'unknown', '2006-08-08', 1000),
(47, 4, 9, 2, '', '', 'unknown', '2006-08-08', 'unknown', '2006-08-08', 1000),
(48, 4, 24, 2, '', '', 'unknown', '2006-08-08', 'unknown', '2006-08-08', 1000),
(50, 5, 27, 500, '', '', 'unknown', '2006-08-22', 'unknown', '2006-08-22', 1000),
(51, 5, 4, 2000, '', '', 'unknown', '2006-08-22', 'unknown', '2006-08-22', 1000),
(52, 5, 7, 1000, '', '', 'unknown', '2006-08-22', 'unknown', '2006-08-22', 1000);

INSERT INTO inv_receipt (`id`, `customer_id`, `total_payment`, `total_paid`, `total_self_pay`, `self_pay_notes`, `total_insurance`, `insurance_notes`, `status`, `modify_id`, `modify_time`, `create_id`, `create_time`, `sort) VALUES 
(2, 3, 3200.0, 3200.0, 3200.0, 'Paid using chickens and rice', 0.0, '', '', 'unknown', '2006-08-23', 'unknown', '2006-08-23', 1000);

INSERT INTO inv_receipt_items (`id`, `receipt_id`, `catalog_item_id`, `unit_cost`, `discount`, `quantity`, `status`, `modify_id`, `modify_time`, `create_id`, `create_time`, `sort) VALUES 
(1, 2, 5, 20.0, 0.0, 10.0, '', 'unknown', '2006-08-23', 'unknown', '2006-08-23', 1000),
(2, 2, 7, 150.0, 0.0, 20.0, '', 'unknown', '2006-08-23', 'unknown', '2006-08-23', 1000);

INSERT INTO inv_stock_compound_qty (`id`, `stock_location_id`, `stock_compound_id`, `qty`, `status`, `modify_id`, `modify_time`, `create_id`, `create_time`, `sort) VALUES 
(14, 36, 20, 12.0, '', 'unknown', '2006-08-22', 'unknown', '2006-08-22', 1000),
(13, 35, 20, 36.0, '', 'unknown', '2006-08-22', 'unknown', '2006-08-22', 1000);

INSERT INTO inv_stock_item (`id`, `catalog_item_id`, `purchase_order_id`, `stock_compound_id`, `name`, `quantity`, `sale_price`, `purchase_price`, `batch_number`, `expire_date`, `compound_date_produced`, `m_r_p`, `status`, `modify_id`, `modify_time`, `create_id`, `create_time`, `sort) VALUES 
(1, 29, Null, Null, 'Joe\'s quality needles', 200.0, 15.0, 10.0, '100EE9', Null, Null, 20.0, '', 'admin', '2006-07-31', 'admin', '2006-07-31', 1000),
(5, 26, 9, Null, 'daytek 15inch tft', 5.0, 0.0, 0.0, '', Null, Null, Null, '', 'unknown', '2006-08-11', 'unknown', '2006-08-11', 1000),
(6, 9, 9, Null, '256kbps internet', 1.0, 0.0, 0.0, '', '2007-08-01', Null, Null, '', 'unknown', '2006-08-11', 'unknown', '2006-08-11', 1000),
(7, 12, 10, Null, 'Decent computer machines', 10.0, 0.0, 0.0, '', Null, Null, Null, '', 'unknown', '2006-08-14', 'unknown', '2006-08-14', 1000),
(8, 25, 10, Null, 'Branded 3 button scroll optical mouse', 10.0, 0.0, 0.0, '', Null, Null, Null, '', 'unknown', '2006-08-14', 'unknown', '2006-08-14', 1000),
(9, 27, 11, Null, 'Jeff\'s cough syrup', 200.0, 80.0, 80.0, '23EE23', '2008-08-15', Null, Null, '', 'unknown', '2006-08-15', 'unknown', '2006-08-15', 1000),
(10, 5, 12, Null, 'Generic Paracitimol', 200000.0, 20.0, 20.0, '321UU231', '2007-11-01', Null, Null, '', 'unknown', '2006-08-15', 'unknown', '2006-08-15', 1000),
(20, 31, Null, Null, 'Test', 12.0, 140.0, 0.0, Null, Null, '2006-08-22', Null, '', 'unknown', '2006-08-22', 'unknown', '2006-08-22', 1000),
(21, 4, 13, Null, 'NortonAV', 1000.0, 22.0, 22.0, '1022030310EERR', '2007-12-22', '2006-08-22', Null, '', 'unknown', '2006-08-22', 'unknown', '2006-08-22', 1000),
(22, 7, 13, Null, 'MorFlin', 500.0, 150.0, 150.0, '2938478578RRTT', '2008-08-29', '2006-08-22', Null, '', 'unknown', '2006-08-22', 'unknown', '2006-08-22', 1000),
(23, 26, 14, Null, 'Rajan\'s fine monitors', 5.0, 4000.0, 4000.0, '', Null, '2006-08-25', Null, '', 'unknown', '2006-08-25', 'unknown', '2006-08-25', 1000),
(24, 5, 15, Null, 'Kopf-schmerz', 20.0, 12.0, 12.0, 'ghfghgfhfgh', Null, '2006-08-26', Null, '', 'unknown', '2006-08-26', 'unknown', '2006-08-26', 1000);

INSERT INTO inv_stock_location (`id`, `stock_item_id`, `location_id`, `total_paid`, `quantity`, `is_consumed`, `is_sold`, `receipt_id`, `status`, `modify_id`, `modify_time`, `create_id`, `create_time`, `sort`, `date_consumed) VALUES 
(4, 5, 1, 0.0, 3.0, 0, 0, Null, '', 'unknown', '2006-08-11', 'unknown', '2006-08-11', 1000, Null),
(5, 6, 1, 0.0, 1.0, 0, 0, Null, '', 'unknown', '2006-08-11', 'unknown', '2006-08-11', 1000, Null),
(6, 7, 1, 0.0, 8.0, 0, 0, Null, '', 'unknown', '2006-08-14', 'unknown', '2006-08-14', 1000, Null),
(7, 8, 1, 0.0, 8.0, 0, 0, Null, '', 'unknown', '2006-08-14', 'unknown', '2006-08-14', 1000, Null),
(8, 9, 1, 0.0, 88.0, 0, 0, Null, '', 'unknown', '2006-08-15', 'unknown', '2006-08-15', 1000, Null),
(9, 10, 1, 0.0, 197864.0, 0, 0, Null, '', 'unknown', '2006-08-15', 'unknown', '2006-08-15', 1000, Null),
(13, 9, 2, 0.0, 1900.0, 0, 0, Null, '', 'unknown', '2006-08-16', 'unknown', '2006-08-16', 1000, Null),
(14, 8, 2, 0.0, 200.0, 0, 0, Null, '', 'unknown', '2006-08-16', 'unknown', '2006-08-16', 1000, Null),
(15, 6, 4, 0.0, 2.0, 0, 0, Null, '', 'unknown', '2006-08-16', 'unknown', '2006-08-16', 1000, Null),
(16, 5, 4, 0.0, 2.0, 0, 0, Null, '', 'unknown', '2006-08-16', 'unknown', '2006-08-16', 1000, Null),
(17, 7, 4, 0.0, 2.0, 0, 0, Null, '', 'unknown', '2006-08-16', 'unknown', '2006-08-16', 1000, Null),
(34, 20, 1, 0.0, 12.0, 0, 0, Null, '', 'unknown', '2006-08-22', 'unknown', '2006-08-22', 1000, Null),
(35, 10, 6, 0.0, 36.0, 1, 0, Null, '', 'unknown', '2006-08-22', 'unknown', '2006-08-22', 1000, '2006-09-05'),
(36, 9, 6, 0.0, 12.0, 1, 0, Null, '', 'unknown', '2006-08-22', 'unknown', '2006-08-22', 1000, '2006-09-05'),
(37, 21, 1, 0.0, 1000.0, 0, 0, Null, '', 'unknown', '2006-08-22', 'unknown', '2006-08-22', 1000, Null),
(38, 22, 1, 0.0, 480.0, 0, 0, Null, '', 'unknown', '2006-08-22', 'unknown', '2006-08-22', 1000, Null),
(39, 10, 7, 200.0, 10.0, 1, 1, 1, '', 'unknown', '2006-08-24', 'unknown', '2006-08-24', 1000, '2006-09-05'),
(40, 22, 7, 3000.0, 20.0, 1, 1, 2, '', 'unknown', '2006-08-24', 'unknown', '2006-08-24', 1000, '2006-09-05'),
(41, 23, 1, 0.0, 5.0, 0, 0, Null, '', 'unknown', '2006-08-25', 'unknown', '2006-08-25', 1000, Null),
(42, 24, 1, 0.0, 20.0, 0, 0, Null, '', 'unknown', '2006-08-26', 'unknown', '2006-08-26', 1000, Null);

INSERT INTO inv_stock_transfer (`id`, `from_stock_location_id`, `to_stock_location_id`, `is_complete`, `qty`, `date_transferred`, `stock_transfer_request_item_id`, `status`, `modify_id`, `modify_time`, `create_id`, `create_time`, `sort) VALUES 
(4, 9, 13, 1, 2000.0, '2006-08-16', 1, '', 'unknown', '2006-08-16', 'unknown', '2006-08-16', 1000),
(5, 8, 14, 1, 200.0, '2006-08-16', 2, '', 'unknown', '2006-08-16', 'unknown', '2006-08-16', 1000),
(6, 6, 15, 1, 2.0, '2006-08-16', 3, '', 'unknown', '2006-08-16', 'unknown', '2006-08-16', 1000),
(7, 4, 16, 1, 2.0, '2006-08-16', 4, '', 'unknown', '2006-08-16', 'unknown', '2006-08-16', 1000),
(8, 7, 17, 0, 2.0, '2006-08-16', 5, '', 'unknown', '2006-08-16', 'unknown', '2006-08-16', 1000),
(9, 13, 8, 1, 100.0, '2006-08-21', 7, '', 'unknown', '2006-08-21', 'unknown', '2006-08-21', 1000),
(19, 8, 36, 1, 12.0, '2006-08-22', Null, '', 'unknown', '2006-08-22', 'unknown', '2006-08-22', 1000),
(18, 9, 35, 1, 36.0, '2006-08-22', Null, '', 'unknown', '2006-08-22', 'unknown', '2006-08-22', 1000),
(20, 9, 39, 1, 10.0, '2006-08-24', Null, '', 'unknown', '2006-08-24', 'unknown', '2006-08-24', 1000),
(21, 38, 40, 1, 20.0, '2006-08-24', Null, '', 'unknown', '2006-08-24', 'unknown', '2006-08-24', 1000);

INSERT INTO inv_stock_transfer_request (`id`, `requested_by`, `requested_on`, `required_by`, `for_location_id`, `notes`, `status`, `modify_id`, `modify_time`, `create_id`, `create_time`, `sort) VALUES 
(3, 'unknown', '2006-08-01', '2006-08-07', 2, 'test entry', '', 'unknown', '2006-08-01', 'unknown', '2006-08-01', 1000),
(4, 'unknown', '2006-08-14', '2006-08-20', 4, '', '', 'unknown', '2006-08-14', 'unknown', '2006-08-14', 1000),
(5, 'unknown', '2006-08-21', '2006-08-21', 1, 'return some of the cough syrup', '', 'unknown', '2006-08-21', 'unknown', '2006-08-21', 1000);

INSERT INTO inv_stock_transfer_request_item (`id`, `stock_transfer_request_id`, `catalog_item_id`, `is_transferred`, `stock_transfer_id`, `is_on_order`, `purchase_order_id`, `notes`, `qty`, `status`, `modify_id`, `modify_time`, `create_id`, `create_time`, `sort) VALUES 
(1, 3, 5, 1, Null, 0, Null, 'Special instructions about transport', 2000.0, '', 'unknown', '2006-08-14', 'unknown', '2006-08-14', 1000),
(2, 3, 27, 1, Null, 0, Null, 'Information about packaging of items', 200.0, '', 'unknown', '2006-08-14', 'unknown', '2006-08-14', 1000),
(3, 4, 12, 1, Null, 0, Null, '', 2.0, '', 'unknown', '2006-08-15', 'unknown', '2006-08-15', 1000),
(4, 4, 26, 1, Null, 0, Null, '', 2.0, '', 'unknown', '2006-08-15', 'unknown', '2006-08-15', 1000),
(5, 4, 25, 0, Null, 0, Null, '', 2.0, '', 'unknown', '2006-08-15', 'unknown', '2006-08-15', 1000),
(6, 4, 24, 0, Null, 0, Null, '', 2.0, '', 'unknown', '2006-08-15', 'unknown', '2006-08-15', 1000),
(7, 5, 27, 1, Null, 0, Null, '', 100.0, '', 'unknown', '2006-08-21', 'unknown', '2006-08-21', 1000);

INSERT INTO inv_vendor (`id`, `name`, `description`, `phone1`, `phone2`, `fax`, `e_mail1`, `email2`, `city_id`, `address_label`, `contact_name`, `status`, `modify_id`, `modify_time`, `create_id`, `create_time`, `sort`, `order_days) VALUES 
(1, 'Jakes Hospital Goods', 'Sells all sorts of stuff for hospitals', '4322-1243', '9394-8383', '0303-4040', 'nothing@nowhwere.com', '', 2, '456 Street name\nDimapur, NL\n3940940\nIND', 'Jake', '', Null, '2006-07-26', Null, '2006-07-26', 1000, Null),
(2, 'Bob\'s Hospital Goods', 'Sells all sorts of stuff for hospitals', '4322-1244', '9394-8384', '0303-4040', 'noone@nowhwere.com', '', Null, '451 Street name\nDimapur, NL\n3940940\nIND', 'Bob', '', Null, '2006-07-26', Null, '2006-07-26', 1000, Null),
(3, 'IBM', 'Sells computers', '3211-1232', '', '', 'sales@ibm.com', '', 8, '23 i don\'t know\nNew Delhi, DL\n324234\nIND', 'Prakash', '', Null, '2006-07-26', Null, '2006-07-26', 1000, Null),
(5, 'HP', 'Sells computers', '2222-3333', '', '', 'sales@hp.com', '', Null, '18 Somewhere\nNew Delhi, DL\n324234\nIND', 'Rafah', '', 'unknown', '2006-08-09', 'unknown', '2006-08-09', 1000, Null);

INSERT INTO tg_group (`id`, `group_name`, `display_name`, `created) VALUES 
(1, 'admin', 'Administrators', '2006-05-29');

INSERT INTO tg_permissions (`id`, `permission_name`, `description) VALUES 
(1, 'read all', 'Read all data'),
(2, 'modify all', 'Modify any data'),
(3, 'delete all', 'Delete any data'),
(4, 'create all', 'Create any new data');

INSERT INTO tg_visit (`id`, `visit_key`, `created`, `expiry) VALUES 
(1, 'ff226810a45f8a6134277a5c8b6eb68ba4d34c8d', '2006-05-29', '2006-05-29'),
(2, '243a4948b23f30a88d8345400af23fcd62a7df5b', '2006-05-29', '2006-05-29'),
(3, 'aecfb6b16d78641dcee11a8bda19b5a08cd17fed', '2006-05-29', '2006-05-29'),
(4, '7e50d3a8baefeead9f79f5cea75668d39f4e6b55', '2006-05-29', '2006-05-29'),
(5, 'e60ce3232522f40bc1d8c07c5e109751dd32156e', '2006-05-30', '2006-05-30'),
(6, '6be30bb363e1d081ce81340d950ee7ee0b172cef', '2006-05-30', '2006-05-30'),
(7, 'ca1896a29b1d7bf105d62899be8b93d70b6c5f44', '2006-05-30', '2006-05-30'),
(8, '64b69d441e52e32a182a00d9114aa8099aac5bb4', '2006-05-30', '2006-05-30'),
(9, '1a6a63274ff0dc51526d4eb7b0cc4fb109500709', '2006-05-31', '2006-05-31'),
(10, '72806e61562b784d0b6bc80c4be0e297536e2ab0', '2006-05-31', '2006-05-31'),
(11, '182f0524ede2b6e88575c52a45cae6662a30cff0', '2006-06-01', '2006-06-01'),
(12, 'a766a35cb2659768fd6c334e16561f4b35d92840', '2006-06-01', '2006-06-01'),
(13, '748e407315f751060d35dfd03e1d041e16123f5d', '2006-06-01', '2006-06-01'),
(14, '28b97006958c591d9e11e4cf10ed911a80fd046a', '2006-06-01', '2006-06-01'),
(15, 'bba832361eda0d57d7897cd252f4f6b358794dd1', '2006-06-01', '2006-06-01'),
(16, 'ea96f651091053e7a1dec6697cddc63b7cd68d6b', '2006-06-01', '2006-06-01'),
(17, '0629fbcebfbfc6de4fb3fd1114ccbfa70200413c', '2006-06-02', '2006-06-02'),
(18, '9eac08399ea5f7089064ccb82d5810c929e6f9b5', '2006-06-02', '2006-06-02'),
(19, '1d1d66a13319df68edb603202f4087307d6925cf', '2006-06-02', '2006-06-02'),
(20, '589248810e4cccaeb6a0ff605aab4688e15cfbba', '2006-06-02', '2006-06-02'),
(21, '1cc4bc3a817d7a197d0ee1f9a516ffc48a7004bd', '2006-06-02', '2006-06-02'),
(22, 'd25edc32966a62c4cfee1ccc445f2021e538f80c', '2006-06-02', '2006-06-02'),
(23, '96c43cc5e3d3965ef13dad7d7e4fba330510f5cb', '2006-06-02', '2006-06-02'),
(24, '6c7e3e2d8e32f2e3058acab4d6b7843965e60e3d', '2006-06-02', '2006-06-02'),
(25, 'c2c65fa8302dcbc122578314c4577ec62f28b175', '2006-06-02', '2006-06-02'),
(26, 'd345c6de2776f795326525a74f5b8667b43b6925', '2006-06-02', '2006-06-02'),
(27, 'ee1f657008a9faecdde25aae77c21afc4c9ecf8f', '2006-06-02', '2006-06-02'),
(28, '8eff0b37ec7507fb7d0e1108ca5782d77dba268d', '2006-06-02', '2006-06-02'),
(29, 'b84512c2c999fd0c9abeac8d33937173e5fd838a', '2006-06-02', '2006-06-02'),
(30, '04ae96579ead306ade49ea827fce62b001f66123', '2006-06-05', '2006-06-05'),
(31, 'b26be4bbba7aeb488b15f55f4c8dc7a8ece5995c', '2006-06-05', '2006-06-05'),
(32, '7af90f42c05e7d036586b6868f1f3216dd74a788', '2006-06-05', '2006-06-05'),
(33, '3c2e2ffdb6987cc9b885eb92f2f3c5801075e6f6', '2006-06-15', '2006-06-15'),
(34, 'ce0141bcb46e795769dc0ea516cf14f966a549fd', '2006-06-15', '2006-06-15'),
(35, '6d54471d77130a432396955c5e4a196932aec917', '2006-06-15', '2006-06-15'),
(36, '4c60a204650f5a8b59adcefeb63a897593724615', '2006-06-15', '2006-06-15'),
(37, '581aec7629457caa9c6e734d877f5b06cb15cadf', '2006-06-15', '2006-06-15'),
(38, '5906566dce8a32f1f09ea077942afd55c6960779', '2006-06-15', '2006-06-15'),
(39, '056ae910989e42c107f46f6b7bca910632e0a7f2', '2006-06-15', '2006-06-15'),
(40, 'c4bfc3f1381e78aee315c4d0863331e7b19621d1', '2006-06-16', '2006-06-16'),
(41, '1adfef41dbf6b0c93d949b7cc9486330ceec5538', '2006-06-16', '2006-06-16'),
(42, '6af9b9dbbb009c7c20b88643e6d06470e531f223', '2006-06-16', '2006-06-16'),
(43, '991b5e4b5a94c540433d8fb5134a8d7a50c849da', '2006-06-16', '2006-06-16'),
(44, '947314fc562aafc6c0d3c45fb2bca0ca3867b891', '2006-06-16', '2006-06-16'),
(45, 'fb8f4645a17a231ddcf24f5f714f9e2e968abd71', '2006-06-16', '2006-06-16'),
(46, '81ae1859e52aabbef920e69b2cc7d158e8e8d1e2', '2006-06-16', '2006-06-16'),
(47, 'c5762a063a255502c6118c6bc8549c7491848fc2', '2006-06-16', '2006-06-16'),
(48, '5d26c6d79a712c5f765dbf6ab7e751cc78be1b3d', '2006-06-16', '2006-06-16'),
(49, '0b784ea0e4fe08b9684ede91bd66561f1b70f8fe', '2006-06-17', '2006-06-17'),
(50, '51ca81775c3ad0727b36e93a68c6e8a1de944638', '2006-06-17', '2006-06-17'),
(51, '7d2b98bdd4cabde013b082418a6d42165bf1a88d', '2006-06-19', '2006-06-19'),
(52, '1fa6efa3216e32f5e2dbe498a7f5090bc2fc1fbe', '2006-06-19', '2006-06-19'),
(53, 'c60141fff461f4279a79c8d5491d88480100e64d', '2006-06-19', '2006-06-19'),
(54, 'eb5a204e77d2c9db4ab9a9d5d75175c6c2b08d48', '2006-06-19', '2006-06-19'),
(55, '291d0be73c816f424b62643ff65d254319b9b697', '2006-06-19', '2006-06-19'),
(56, 'd8a888f5d93963e871d7632fbdf605f53bfb0300', '2006-06-19', '2006-06-19'),
(57, '4258eb20047a5acda0d12ad3465041946fcf1c5c', '2006-06-19', '2006-06-19'),
(58, '18e78196c936e9c6b55d18d11b921070c5a4e258', '2006-06-19', '2006-06-19'),
(59, '8c0d6693af9cd7a94aa131bf1dd6dd190e9eb4b5', '2006-06-19', '2006-06-19'),
(60, '791c076f5798622901e1169087145de39f8dd1f6', '2006-06-19', '2006-06-19'),
(61, '793b90a4201499d86d91976648ab203b05908a20', '2006-06-19', '2006-06-19'),
(62, '7b4b48d17e79858ac7bcc60f8fe776b14a0f330d', '2006-06-19', '2006-06-19'),
(63, 'fbe00543d6ed0e15d1629330c59f1447a920a716', '2006-06-19', '2006-06-19'),
(64, '300fc98ef0d86c2efc5a9ea6cbb7b90606ef2c49', '2006-06-19', '2006-06-19'),
(65, 'dfd74828670f87e6a7cc08d713926dece23f5a19', '2006-06-19', '2006-06-19'),
(66, '1a742cd46f7441b7bd455009f484540f5f35459c', '2006-06-19', '2006-06-19'),
(67, '6285b84c3b5702cf1e4272cf0f73518070270e3c', '2006-06-19', '2006-06-19'),
(68, '8ffb7bea236b79e7e884952cfb020e787ec49ab1', '2006-06-20', '2006-06-20'),
(69, 'cf8d85fbb83963a71b2de1b155b9994f72202fa4', '2006-06-20', '2006-06-20'),
(70, '1ea677b0cb724818cc52cc2c3a49377fc1fcf43a', '2006-06-20', '2006-06-20'),
(71, '2d4df8e888fb47b1f6386684a8c1d435a8d976b9', '2006-06-20', '2006-06-20'),
(72, 'fdf667901ee3b6c2929c2f72d6203630f78518d1', '2006-06-20', '2006-06-20'),
(73, 'dc353ac52c893a08c0641f79f789318388c322f7', '2006-06-20', '2006-06-20'),
(74, 'faea0d8caaf5c5bc07ea261559bc226f47f999e2', '2006-06-20', '2006-06-20'),
(75, 'bcf5c0d4bfa4031c7b8a5846187d112de3301c70', '2006-06-21', '2006-06-21'),
(76, '8bca03132f76af7627c753c234adc62d2627d18e', '2006-06-21', '2006-06-21'),
(77, '1dad2a63d7b10f2540770bae506f83e77d9b4283', '2006-06-21', '2006-06-21'),
(78, '83533e57c50931d06e346b433bc5714b7607e8e6', '2006-06-21', '2006-06-21'),
(79, 'a1dbc7c9171e208ddad95aedd00824f5892f6088', '2006-06-21', '2006-06-21'),
(80, '6daef61ef9d1505fb842ecec1f2b0337be07c7fd', '2006-06-21', '2006-06-21'),
(81, 'a273f4152ce27792f58dadb23b482e343acc4601', '2006-06-21', '2006-06-21'),
(82, '28e5ce15d45a9b9892fdc5f55f009aa24ff1450e', '2006-06-23', '2006-06-23'),
(83, '0213b4d3b3631780d112f61bc15d6b692eb52ca9', '2006-06-23', '2006-06-23'),
(84, '9184efecd80aea6ca3b2ebf2908b5a0d5d262622', '2006-06-23', '2006-06-23'),
(85, '2f9f2ff30cc1498decc2c4873d39660f08981ea6', '2006-06-24', '2006-06-24'),
(86, '1a4097d706d56b0afce19d7a5d3743830712fe7b', '2006-06-24', '2006-06-24'),
(87, '11e592893619a9cafb85a0d3330d107edd96c179', '2006-06-24', '2006-06-24'),
(88, 'f486b420223be2a16a87132a50ed8cb8d2a770c0', '2006-06-24', '2006-06-24'),
(89, '081ea523be03c3d2ad37dfe0d5611dc07fbf8b10', '2006-06-24', '2006-06-24'),
(90, '120670ca512d7ecd52d5aeac807abc2ccb8ba667', '2006-06-24', '2006-06-24'),
(91, '8979105c04b61f796240b35f82d35d95e7497af5', '2006-06-24', '2006-06-24'),
(92, '1acae936df3d8bdebe2da02c0d2a1b036ab72cd4', '2006-06-24', '2006-06-24'),
(93, 'c17fcdd88021926039000c2ad53094b1b08d0dce', '2006-06-24', '2006-06-24'),
(94, 'af6beebd9b843393224f470a9718a273842ad9f5', '2006-06-24', '2006-06-24'),
(95, '75569be2dfab2d110428aaaa41465bb0f92f835d', '2006-06-24', '2006-06-24'),
(96, 'c28a4538b4cd5d3c53330c6b02b0c50f55e933d9', '2006-06-24', '2006-06-24'),
(97, '65398a860902e5d400d0a9534fd53d30d83e89f2', '2006-06-24', '2006-06-24'),
(98, '96eaf18edc9d6ef0e6104dc142c9a3bb39f1e8ff', '2006-06-24', '2006-06-24'),
(99, '4baf77bbc9c1db5aca8f236bafe394bd243e8b1c', '2006-06-26', '2006-06-26'),
(100, '885eeff8240d9d65e48c570fb3ea36478e4bf0da', '2006-06-26', '2006-06-26'),
(101, '200aa5e8b0685938f6f76ed843ad032409a47862', '2006-06-26', '2006-06-26'),
(102, '959d30a6031384dacdccbb6f740d648a2c5e4794', '2006-06-26', '2006-06-26'),
(103, '3e8aeee90d082ff76661131b95117683736a428c', '2006-06-26', '2006-06-26'),
(104, '40f433ef5c0bc8452e7ec62b19ec673383af0011', '2006-06-26', '2006-06-26'),
(105, '5daf75a265068cd5b36f5660cf9daef18c5a46a1', '2006-06-26', '2006-06-26'),
(106, 'ae3cf84440da9e07d4270bae84213b92e2f57e31', '2006-06-26', '2006-06-26'),
(107, 'b8a1877693c1cbe4779901a868cb64a28eb07620', '2006-06-26', '2006-06-26'),
(108, '71440873429d2fe51051c595e19c52476a50992e', '2006-06-27', '2006-06-27'),
(109, 'c9551e4087a5b4ce20b25cc7eb9cc0a166a46e9d', '2006-06-27', '2006-06-27'),
(110, '5fdc4ecd59599f79c3ca3436dca7ad718576598e', '2006-06-27', '2006-06-27'),
(111, 'eeb30bff5228414e6d470429e29113bdaf31e505', '2006-06-27', '2006-06-27'),
(112, '81463647346dc8d5e9501ef69542a93ac6790e67', '2006-06-27', '2006-06-27'),
(113, '1b77c25d2c5b212eab233750ca2fb2e903f1e8bd', '2006-06-27', '2006-06-27'),
(114, 'ce6d9868abb3ebf9519e2dd08512552b8930ac84', '2006-06-27', '2006-06-27'),
(115, 'a1348aa418019c3c687af8e19cab6e8af3fa1919', '2006-06-27', '2006-06-27'),
(116, '2b3d45b3f325e248606d3a4d5f9fd47787118068', '2006-06-27', '2006-06-27'),
(117, '9c575d40d5b12b8626d0d66a756df02f24587dc8', '2006-06-27', '2006-06-27'),
(118, '059c471765ff86277a2c392586b2f8333f363b54', '2006-06-27', '2006-06-27'),
(119, '9ec4d25f9f6064e16864996bd1a28c933ca862d1', '2006-06-28', '2006-06-28'),
(120, 'e8b390f9f780e87d2a72402316a2dfa0abf36333', '2006-06-28', '2006-06-28'),
(121, '82e546a1501bceb65d13b0d4cd58f84be5ca4b95', '2006-06-28', '2006-06-28'),
(122, 'f8425287afc887eef3e13609dae5b88af1ef1734', '2006-06-28', '2006-06-28'),
(123, 'f6362c46db3ed1363e7a7df7d136e5938e957064', '2006-06-28', '2006-06-28'),
(124, 'b1ce795ec50ba28fcaa34946b299a6f5218272c7', '2006-06-28', '2006-06-28'),
(125, '64ee7e2ceb5c449d926dced3b7d8561e12136e49', '2006-06-28', '2006-06-28'),
(126, 'b27a42420a975329e2c6535e3ba38c12d984792c', '2006-06-28', '2006-06-28'),
(127, '330749c05478683fee6f10ae8d181fa70fd657fc', '2006-06-28', '2006-06-28'),
(128, '9cfab9fae0bd1cb7f3ea0cd7aec98df46733be45', '2006-06-28', '2006-06-28'),
(129, '7732c2eaf49c70b86d6a1fbd936237997c1f462e', '2006-06-28', '2006-06-28'),
(130, '532d0cac32081a668e2f58ffda3299179d953222', '2006-06-28', '2006-06-28'),
(131, '530ce5ba7b9731d307c93917e69c275b0f6bb5e6', '2006-06-28', '2006-06-28'),
(132, '0053e8364b984e6a1fd21c05075cf49c43d9d5c5', '2006-06-28', '2006-06-28'),
(133, '2c86472e54de9ad9d84dad5af9d2bdf1de65e732', '2006-06-28', '2006-06-28'),
(134, '1034ef6aae59837127c85f874ead543c03066cc8', '2006-06-29', '2006-06-29'),
(135, '0608623a3e470d5ec9fcfa928c7caf3d3e754ffa', '2006-06-29', '2006-06-29'),
(136, 'afd8ee0062dde8f88d316d8b295048c6dc89b5fc', '2006-06-29', '2006-06-29'),
(137, '26e6dbe8ee3f0971087a4c500b264fd3dd8f1d85', '2006-06-29', '2006-06-29'),
(138, '090eeb0b1900908f6326f6589dff3e11d017b5b0', '2006-06-29', '2006-06-29'),
(139, '7eb02d135fc7cb8417de40e84b2f27020968d5f7', '2006-06-29', '2006-06-29'),
(140, '3470e1c7bf22257ed06a5b9b186e27cb1a2b3c5e', '2006-06-29', '2006-06-29'),
(141, '1401ab90cab10543682fc72f43d08eda04d0e98a', '2006-06-29', '2006-06-29'),
(142, '3823e6620f90c7ae06473342ad342b501f8c85b7', '2006-06-29', '2006-06-29'),
(143, 'c04367177e044fcc57404f6cea40fda95c6620dd', '2006-06-29', '2006-06-29'),
(144, 'e4f37b53162dbbf68dd1d5db4cc2b3db9131752b', '2006-06-30', '2006-06-30'),
(145, '29e4a4a5fffa6d526b79d3a69235b6e5b93a5bf0', '2006-06-30', '2006-06-30'),
(146, 'd9561b0ae5ed6762b045fe58e7ce33db1d34c55a', '2006-06-30', '2006-06-30'),
(147, '1b7ac1ad70d106fa05484fb2ed90f38e7593d901', '2006-06-30', '2006-06-30'),
(148, 'a5ace6df6f139a0450533dacb4bad142ff543d20', '2006-06-30', '2006-06-30'),
(149, 'ac9e16e11b5ee48888c35d833c12b355a034fb01', '2006-06-30', '2006-06-30'),
(150, '0b5f59e48a0dee43553165d946c76c4f46cd19bc', '2006-06-30', '2006-06-30'),
(151, '9ab3701ab7bd7ea162d4b3a0052fe9bde5b6540b', '2006-06-30', '2006-06-30'),
(152, 'f32fcb4b5931e97e46f5e98d74c971c40b0924b0', '2006-06-30', '2006-06-30'),
(153, '3e95300c0214744d741bafc58e0b076900f8b0ed', '2006-06-30', '2006-06-30'),
(154, 'd0c44c0dff111bf13080f38c5aa7505246ea5307', '2006-06-30', '2006-06-30'),
(155, '09b97457fdb87defd7aa76332caf591fa202d553', '2006-06-30', '2006-06-30'),
(156, '4c955e4ad5b7f912d2b03c74b83b024405caa376', '2006-06-30', '2006-06-30'),
(157, '3379474187b4b89beb1b834b008fe3f370d50aa9', '2006-06-30', '2006-06-30'),
(158, '27b7675b58959d109cd696ef883953671205cc10', '2006-07-06', '2006-07-06'),
(159, 'c38d1a19d35702ab12bf1891648c7ce932e81a84', '2006-07-06', '2006-07-06'),
(160, '703e704b41d2116aa1e535dc9a223b820a431a43', '2006-07-06', '2006-07-06'),
(161, '562f3de36b6eda649253c75da65ac1479ea6de69', '2006-07-06', '2006-07-06'),
(162, '9ef165a89bc9876783c59b7d5bb6b1a7a287491c', '2006-07-06', '2006-07-06'),
(163, '7c1c22bc0ef00c70acd598123aae90cab5bfffb8', '2006-07-06', '2006-07-06'),
(164, '538a73ca8d70a56db46a483ee7e217c12cfd3961', '2006-07-07', '2006-07-07'),
(165, '877675b0f9d79a6e7b88afa855fa8c0c2d8c9cfe', '2006-07-07', '2006-07-07'),
(166, '0a9bb7f6700fccd2c401f0dba821389330fa8df5', '2006-07-07', '2006-07-07'),
(167, '0bff6d16675b59ff381530ef8b0fafde73bccba1', '2006-07-07', '2006-07-07'),
(168, '5148563dc73481f6a4c2430844c2abb1cc3b5aec', '2006-07-08', '2006-07-08'),
(169, 'e11d14808b3cd32c6c6d78728bb922e6fd58991d', '2006-07-08', '2006-07-08'),
(170, '59f52636e79a8a1f29b518d0b6b10e960d30d945', '2006-07-08', '2006-07-08'),
(171, '6fe7642837cdfabf967ea21274e06e3b262aa3ee', '2006-07-08', '2006-07-08'),
(172, '1a090449aa1b21e90fc405c9b849cb69b174df92', '2006-07-10', '2006-07-10'),
(173, '2c131beaa474e63e859954d404b00ab847eac8e8', '2006-07-10', '2006-07-10'),
(174, 'f9e7aa80c04eba2127b06e2564e866ba1b59f5b2', '2006-07-10', '2006-07-10'),
(175, '1eb136b83a4f5f4975361236c44b91faf6756803', '2006-07-10', '2006-07-10'),
(176, '2b48c0a0d573ebb609b7d09bdfb67a31884d2684', '2006-07-10', '2006-07-10'),
(177, '6fc543d63d5e00d32e376431df1a51d98a95210c', '2006-07-10', '2006-07-10'),
(178, 'bf4ea116bc95859c23441ba5fe8d3a425f2cadf7', '2006-07-10', '2006-07-10'),
(179, '53e79bb2d8b2c3dc361aa02e3b1f7cca8ff222e3', '2006-07-10', '2006-07-10'),
(180, '4008f099b16b604825626f89b1e4a3f5a5315c2b', '2006-07-11', '2006-07-11'),
(181, 'f1a92411781f976a63791fa07fe0d67395bed44b', '2006-07-11', '2006-07-11'),
(182, '7478c1c03360560f72b3298257feda3b46a5ce87', '2006-07-11', '2006-07-11'),
(183, '32cd6d0102ce4acd0755ea9f81cade0600620edd', '2006-07-11', '2006-07-11'),
(184, '553d1230a03ccf473b6e77f3474f7e72f002b16c', '2006-07-11', '2006-07-11'),
(185, '5b1c396323fffd25a6465cf3dda79480e075e250', '2006-07-11', '2006-07-11'),
(186, '3b8e5952e2b6149aa7b446864b44d41c542b2310', '2006-07-11', '2006-07-11'),
(187, 'c5760c5f303539768a20a6d0626ace327094193c', '2006-07-11', '2006-07-11'),
(188, '75fa8f60a40bcda4eada809f47d4da2c03d0daaa', '2006-07-12', '2006-07-12'),
(189, '82b2a9157de295f51cccab210096b1f95beafbac', '2006-07-12', '2006-07-12'),
(190, 'f9a311500215e8421484a4029ee912f9c06defab', '2006-07-12', '2006-07-12'),
(191, '7794d495aa57c08c47f4c94251e2d3eb089d54e6', '2006-07-12', '2006-07-12'),
(192, '059b3434fc65583133615dda9005bd351df618c8', '2006-07-12', '2006-07-12'),
(193, '3bcbc9937b0ae27d6099a2883e4aa25953034d24', '2006-07-13', '2006-07-13'),
(194, '11a51de8a1ad325ae3716888acf12dda34c76d2b', '2006-07-13', '2006-07-13'),
(195, '9f99ffd32174ea6b0b536eb19ef24151ede316ee', '2006-07-13', '2006-07-13'),
(196, '9a3d0c816e4c67481686e70c6f586f4333f08030', '2006-07-13', '2006-07-13'),
(197, '6de2e9f67a3883af2f1e1c8f0fe03007f4477d8a', '2006-07-13', '2006-07-13'),
(198, '7f1d3d7ee1ad937603de25a40bfb2b83096cca49', '2006-07-13', '2006-07-13'),
(199, '7779f2c5f0b620f3a55d17296b44b6d5c95c3ea9', '2006-07-13', '2006-07-13'),
(200, 'ffd986891ba3eb3f3d6c83e480b083e6c83b54e1', '2006-07-13', '2006-07-13'),
(201, 'a9de2eeaddd110f3a123b519d9341178e6af306c', '2006-07-13', '2006-07-13'),
(202, 'ddea0403e67d549b8a16113bc20cac1ce25fc950', '2006-07-14', '2006-07-14'),
(203, 'e1610fc4ae33d2510e32d1f2dbfa69b1a7a48e20', '2006-07-14', '2006-07-14'),
(204, '4a21ab74765551af2c7de845e1852db2d81de8da', '2006-07-14', '2006-07-14'),
(205, 'c7e5c2246203b71446e5070f08636be7d6179c69', '2006-07-14', '2006-07-14'),
(206, '96d18a7594f36823ab88c8435c0abf180c97d3c8', '2006-07-14', '2006-07-14'),
(207, '8fe638fb9ad689c95685a0022a8b1bdbdebba77d', '2006-07-14', '2006-07-14'),
(208, 'e51be1f86ff51de590d75d9f6fd3a386fb51160e', '2006-07-14', '2006-07-14'),
(209, '5c765b83476431094420597466694befd03ce836', '2006-07-14', '2006-07-14'),
(210, '281c8d987257319467928d1c72ad22cb629e0dee', '2006-07-15', '2006-07-15'),
(211, '087a4685fab01c0d4f4616aa2ccf9e8d660ea55d', '2006-07-21', '2006-07-21'),
(212, '65491c73504cbc0278ab2876fa5856baf77a2ccf', '2006-07-21', '2006-07-21'),
(213, '428d20c897e327dc8cb69e40cf77e7b208a20c19', '2006-07-21', '2006-07-21'),
(214, '0f391a0f560165aabf0d767c3eed500842db30ac', '2006-07-21', '2006-07-21'),
(215, '9bf476e25e61aa9576141912b58ed9663b68f018', '2006-07-22', '2006-07-22'),
(216, 'ee92470a8083723da02571b4f25a4cc18fd2a40c', '2006-07-22', '2006-07-22'),
(217, '644c67127d40aab2afb9f4b9f93a57c3aa4427b8', '2006-07-22', '2006-07-22'),
(218, 'f4ac5c3ea393aa6984f62c02a107e4b41e270f44', '2006-07-22', '2006-07-22'),
(219, 'f36790f09b318fdf5b33e4dbe69eddbc8919d61f', '2006-07-22', '2006-07-22'),
(220, '27c8a4fa74365656bca30d549d3aceb4d1ac3a00', '2006-07-24', '2006-07-24'),
(221, 'cec3b289f8b02c2e7cec5fb9cd994481a67fe4c5', '2006-07-24', '2006-07-24'),
(222, '98e726bebe9edd8433f9309cf6693e09a4811b96', '2006-07-24', '2006-07-24'),
(223, '6ddcf44476d03c7af7b94064f95c42820775611c', '2006-07-24', '2006-07-24'),
(224, '951d40c65a8547fd91d24dabb860b8ac7d9b31d4', '2006-07-24', '2006-07-24'),
(225, '8a8212db06fc6ad77019cffa58489c1153905667', '2006-07-24', '2006-07-24'),
(226, '7c28c10b0626d027715c8a9330af45e2a0739514', '2006-07-24', '2006-07-24'),
(227, 'd2a83d653d036359d1d413959edd9b871e67bd1c', '2006-07-24', '2006-07-24'),
(228, '71c00a018f850c434086f70c7e669ec7a613d8c2', '2006-07-25', '2006-07-25'),
(229, '016c67fa7acb25ae9740597065a6a6b7b43f4da2', '2006-07-25', '2006-07-25'),
(230, '04cc171ba1db1fb4805897b4966d3d4ea3264233', '2006-07-25', '2006-07-25'),
(231, '03b44cce05be069d3ab4183072ff365977aeb35b', '2006-07-25', '2006-07-25'),
(232, 'e3e6e83965cae8c9e0095a8af2a7477df9e1b6b5', '2006-07-25', '2006-07-25'),
(233, '852f42421fa6485bf35750a2fe3ec7eb93b56b59', '2006-07-26', '2006-07-26'),
(234, '80532b1efa3b81b28a37f09051e1d3db515889a6', '2006-07-26', '2006-07-26'),
(235, 'eac535cae17b9c90e60a69e8ea502e5f25d8b88c', '2006-07-26', '2006-07-26'),
(236, '2438251b3ab453235d064e4d2cc57687244c21bc', '2006-07-26', '2006-07-26'),
(237, '149289c1a48a74b53e489ee8e3ae3d95f46e6e21', '2006-07-26', '2006-07-26'),
(238, 'dfa3c8f1ee7e3ee3804677757b4ac34847486564', '2006-07-26', '2006-07-26'),
(239, '0fe1d962e486fb0a2dbd6718c57e5d8ccc1e7196', '2006-07-26', '2006-07-26'),
(240, 'a7c001ff92198836656f2deec4e47fb32612d848', '2006-07-26', '2006-07-26'),
(241, 'bfefb427108f9e6410933b669329028b33b239dd', '2006-07-27', '2006-07-27'),
(242, '1de12764f7d843349d9f08e98cfc8e6b049c0309', '2006-07-27', '2006-07-27'),
(243, 'e9bd76422bf669805d62f27853968df6742e1d5f', '2006-07-27', '2006-07-27'),
(244, 'fbc25c6d50e60c694f7d5b88c34b0b8891308d0e', '2006-07-27', '2006-07-27'),
(245, 'fcb7573f7881c25d1b37662821044635265d2035', '2006-07-27', '2006-07-27'),
(246, '0e05e3af5785d78385a33bd4230e54f17770bdd0', '2006-07-27', '2006-07-27'),
(247, '25e32025b8cf02630bdc109a2592aa71c902f1a6', '2006-07-28', '2006-07-28'),
(248, 'a2e4cf0b78f5bb72ca49baf5acca1ba19943dcc2', '2006-07-28', '2006-07-28'),
(249, '204724b21f77ffa4eb691bfd18f101cf9522bd94', '2006-07-28', '2006-07-28'),
(250, 'e71eb3061e68356ceb1577e76586fd2498ae5a00', '2006-07-28', '2006-07-28'),
(251, '2e0a82bb3ff7b9b55574f622e9c7721750e796f5', '2006-07-28', '2006-07-28'),
(252, '5d1421caf77f6fdb687e8b5583b2c026009b08a9', '2006-07-28', '2006-07-28'),
(253, 'c69777e0e61d599bc7d577d330b6a4eb53625965', '2006-07-28', '2006-07-28'),
(254, 'a48c2d1aec29236eedfbfbe33e3da6c02c25b493', '2006-07-28', '2006-07-28'),
(255, '7858b9e13ef925261f9661d694630a7188cd7f71', '2006-07-29', '2006-07-29'),
(256, 'a67e06ce13fb5044e79ff3061e0ec75ffba46737', '2006-07-29', '2006-07-29'),
(257, 'aef0db0c67a6b7b5fd922eac2ceb420fe34fb77d', '2006-07-29', '2006-07-29'),
(258, '87446709ceb0102661fca0f0fc91554c91f5c3ac', '2006-07-31', '2006-07-31'),
(259, '04b5f245b0e80b208f1d879410ba537ced1adcc0', '2006-07-31', '2006-07-31'),
(260, 'f0a850e716bf121928d506b42a2669baf77aafd3', '2006-07-31', '2006-07-31'),
(261, '10eeae78006b4c396d525981acadc5a7385a6004', '2006-07-31', '2006-07-31'),
(262, '4d5b502ba58c3bc22ef3f07566a33b265f808332', '2006-07-31', '2006-07-31'),
(263, '358c688d2001ca2954d512e933b0c5a4bceaa20b', '2006-07-31', '2006-07-31'),
(264, 'c58b3d011cd5d84aa80a936344faa1b0443bcdb6', '2006-07-31', '2006-07-31'),
(265, 'de505c64771c4e88aca4b79de94dd8639cb0999c', '2006-07-31', '2006-07-31'),
(266, 'ee3d483fbb58f2e8cb97847e4ee53760ad003db2', '2006-08-01', '2006-08-01'),
(267, 'b12dd68be2fcc881a406bd6f4c55c38316a18884', '2006-08-01', '2006-08-01'),
(268, '6aa518e87f71c624963c3b9286a08feaa4c1b799', '2006-08-01', '2006-08-01'),
(269, '2aff27a82c69af219ae88e8f92d8129012c87540', '2006-08-01', '2006-08-01'),
(270, '203478b8d96b0d737fc47523e90585c3b5228b0d', '2006-08-01', '2006-08-01'),
(271, 'a9c347c151990c68a9ae7399e281dbd85b0acedb', '2006-08-01', '2006-08-01'),
(272, '10fa9f643fe8a3b544b733aa3084333146e31145', '2006-08-01', '2006-08-01'),
(273, 'a347830f8ffeea9ea9255cfad61b24ccfb57e2ef', '2006-08-02', '2006-08-02'),
(274, '164e0890e07097924cefd43dd113a95a89536be7', '2006-08-02', '2006-08-02'),
(275, '967252ff877e9d7ee8e8ea0107ed4a6fcc9c4df7', '2006-08-02', '2006-08-02'),
(276, 'd177ca0d0d53acb6c909708f4925cfaba328b456', '2006-08-02', '2006-08-02'),
(277, '15dbe14094670e48c3a05b52ff314c0e34728c7a', '2006-08-03', '2006-08-03'),
(278, '4307a43ec3e1d0da98cf08bdbc762375852cfc5c', '2006-08-03', '2006-08-03'),
(279, '7f41b6434a725ec65cc333ad318fa4c603cf49e2', '2006-08-03', '2006-08-03'),
(280, 'b39701a9a9450180afd5b6a4b5951edc2fb2039d', '2006-08-03', '2006-08-03'),
(281, '045d626fe82dfc93c3ef1d2fd5c8ee41a31c70af', '2006-08-04', '2006-08-04'),
(282, 'd194d8868e5b6ab0d7fcb7fe469f463bf8f09baf', '2006-08-04', '2006-08-04'),
(283, 'b09ec526f6414db22fd38c2b8a6c5816c779dc2e', '2006-08-04', '2006-08-04'),
(284, 'db7b91a1ac94bb31ca873637abe323e7fb961095', '2006-08-04', '2006-08-04'),
(285, '9c801044c57403c5dadf917c8d5d7cbab8fd91d5', '2006-08-04', '2006-08-04'),
(286, 'e6fc8dafe77ea4e13d689d782b4d344fd40c2fdc', '2006-08-04', '2006-08-04'),
(287, 'fcf1a58443eceaab6d01fc71702ac1f6ad412876', '2006-08-04', '2006-08-04'),
(288, 'c539bd5c684bd59203747ad2db58eec210c8c81a', '2006-08-04', '2006-08-04'),
(289, '5e5352864106409f613e3846d4f2d5d81fe58b1e', '2006-08-04', '2006-08-04'),
(290, '48c4ca0fadd1e27728604081f2e56a71eb754488', '2006-08-04', '2006-08-04'),
(291, '0ac96e37fac12f7b84f1fd4bf59227bfca9e1370', '2006-08-04', '2006-08-04'),
(292, '54b992d2d86bcc7d328a82a993ef547cd95eeff2', '2006-08-04', '2006-08-04'),
(293, '75c77b403f95f2394fa6712665a577b96459ba39', '2006-08-04', '2006-08-04'),
(294, 'decc82b0417e608f60f2666a115abf2b2e7835d3', '2006-08-05', '2006-08-05'),
(295, '4b28afe322d98c94eabb679edf3edc15e127efe0', '2006-08-05', '2006-08-05'),
(296, '758c2855dd8a4da363c878ae76459dccffb82811', '2006-08-05', '2006-08-05'),
(297, '1ff84d9e9bfd194a1871fb7acb79efe0edd4433e', '2006-08-07', '2006-08-07'),
(298, '83184ff85dcd51ec77f80e3ad6f1c845f8f88f8d', '2006-08-07', '2006-08-07'),
(299, '48258f84340294fe78192bfd83c35865ea1f23f9', '2006-08-07', '2006-08-07'),
(300, 'f7a6fef966e25baf3f8dd650675be3520503cdbe', '2006-08-07', '2006-08-07'),
(301, '683031b495a665623e72050c3aad87cc1eace98f', '2006-08-08', '2006-08-08'),
(302, '3fc5dd891b471af780cc739e47f5d24bed31f119', '2006-08-08', '2006-08-08'),
(303, '05310289b84b950eae62dbbf8bf3f8d3ff653a5a', '2006-08-08', '2006-08-08'),
(304, '07aea0b8870b3ba31a149cd1482fbefcef8128e6', '2006-08-08', '2006-08-08'),
(305, 'e4428393ec63f54c0cc4b51695b3679004979b7a', '2006-08-09', '2006-08-09'),
(306, '1b33e016c13c4a60244293da1c0b167887e4e7f1', '2006-08-09', '2006-08-09'),
(307, '64583eca7b9bf344f3e286db4a071abdd32f25b9', '2006-08-09', '2006-08-09'),
(308, '51c5af58e9444078c607194587e1f68331875ece', '2006-08-09', '2006-08-09'),
(309, 'cdcc78383cd88a445b0527ff53222370a9c60f94', '2006-08-09', '2006-08-09'),
(310, '658260543297cf27636b912da4e12c755aab32b8', '2006-08-09', '2006-08-09'),
(311, '0001c8c8819848c009b40fda03896e678e7144b5', '2006-08-09', '2006-08-09'),
(312, '5345a372ac444e72646522755474687ab056d9ff', '2006-08-09', '2006-08-09'),
(313, 'd10462d87a9cad2c13cb40aa6e66239dfbd7592a', '2006-08-10', '2006-08-10'),
(314, '7f9e57cb267a245351648a251cd6ffacf332dfc4', '2006-08-10', '2006-08-10'),
(315, '04234e53a1e655fb596cd5c6a8da3e0a7d41fd3b', '2006-08-10', '2006-08-10'),
(316, '917087b2f96836d5839cf603a12b4bcd62add920', '2006-08-10', '2006-08-10'),
(317, '3f369bf16f595a8ba714d7602aa05118c89faa8b', '2006-08-10', '2006-08-10'),
(318, 'f0f20c2044c2ef0fa6893cb915b1022197241711', '2006-08-10', '2006-08-10'),
(319, '893181be7b43879260f44885aac1dd4b9e8e9e93', '2006-08-10', '2006-08-10'),
(320, '05f6440fb1f51fa8ba53cc487d285417f140bd21', '2006-08-10', '2006-08-10'),
(321, 'df72975725b19ed744de9cd96576530f5180080e', '2006-08-11', '2006-08-11'),
(322, 'ffbab980b595f966df4138f998095471ec4e34f8', '2006-08-11', '2006-08-11'),
(323, '26075a49e851950c0b1d03247187ddbe54c01514', '2006-08-11', '2006-08-11'),
(324, '3c8df3f16e4f6e51a4948790fda9f583d41b34f0', '2006-08-11', '2006-08-11'),
(325, '189fbabde8e67a47406f27f7a61b04aec5525a32', '2006-08-11', '2006-08-11'),
(326, '4819c6c57d374a2aafdeeff0b660902fcb3f5ad3', '2006-08-11', '2006-08-11'),
(327, 'e456ca5a4d0a10eb2ab11853a9215f482b99c8f9', '2006-08-11', '2006-08-11'),
(328, '4379422696dace4d85ff9608059956ced3092c13', '2006-08-11', '2006-08-11'),
(329, '66331b0dd00829cfeab8514ed5fe9f4406aab291', '2006-08-11', '2006-08-11'),
(330, '3dc9e98ce58b2127cfccd756d0fe8e3f55431676', '2006-08-12', '2006-08-12'),
(331, '596990e2cdc2aa2a6419b4586d3ffcd6866bdb04', '2006-08-12', '2006-08-12'),
(332, 'b8705bc622f3bca2847714a875160b2d41e63cdf', '2006-08-14', '2006-08-14'),
(333, '0f9f55b5e3df8cb90a89afed163d469f5e5b827c', '2006-08-14', '2006-08-14'),
(334, '9f5abc1f0534a9d61022eae6fbd347e906c06b7a', '2006-08-14', '2006-08-14'),
(335, 'ca60a45077612c935bce42f3396fd88337f89fe8', '2006-08-14', '2006-08-14'),
(336, '98c286370629eaf2ca187bc62e2a399f6f5141f6', '2006-08-14', '2006-08-14'),
(337, '247db1ae804215a16af53b5b79b0ca23edcb66fd', '2006-08-14', '2006-08-14'),
(338, 'c30b94e6ec7a9f3fd534f4056a199b544397773a', '2006-08-14', '2006-08-14'),
(339, '8b00bdbaf1f59f694807942c5d125c3798404e21', '2006-08-15', '2006-08-15'),
(340, '6f7c1284ea9fea0ab64243f597c05d9bfab7281b', '2006-08-15', '2006-08-15'),
(341, 'fa7a3a7ab707770fda0c2960b049728c2bdb7cf6', '2006-08-15', '2006-08-15'),
(342, '18f5af1673bb7eba125792806803b5a558d94887', '2006-08-15', '2006-08-15'),
(343, '5d7cc5065f40687753fafa61ad561d3ea70f7c8a', '2006-08-15', '2006-08-15'),
(344, 'b5e3c3b9d58cd0f3ea5edc54cd5df5d0f67966fb', '2006-08-16', '2006-08-16'),
(345, '56d2a45c04f329f158fbc2c5febef9ee9e87050d', '2006-08-16', '2006-08-16'),
(346, '532bd2d2e25d3e8877791e0de5eef24c96bba77d', '2006-08-16', '2006-08-16'),
(347, 'a8cacc6847fdf4f36f4177a8345bc206d7b987d7', '2006-08-16', '2006-08-16'),
(348, 'fc2eb0f702f28781cd37ca3d75b6d8cb796303e7', '2006-08-16', '2006-08-16'),
(349, 'c408c5ade4367545cdfec83c5f25cd118303cedf', '2006-08-16', '2006-08-16'),
(350, 'aea63e05fc54c7513ea3392f54e0407eb7b944ff', '2006-08-16', '2006-08-16'),
(351, '433f4661d8e9cdf9a61c270e274888f2fc2865d0', '2006-08-16', '2006-08-16'),
(352, '34532d696f88d94198660cb59d7fe7e32d45afb3', '2006-08-16', '2006-08-16'),
(353, '760479ac8e0a30df05c914adbf9c693dc23919fe', '2006-08-16', '2006-08-16'),
(354, '97a874501977144c5a85b17af1a810157abe402c', '2006-08-16', '2006-08-16'),
(355, '3753f5e5d0ec7350a0ab1e3ec71dc95a74323baf', '2006-08-17', '2006-08-17'),
(356, '8d99f85debf3ff4bd6b6041e738ad30504a58912', '2006-08-17', '2006-08-17'),
(357, '9e8ee52e2a2bb366b6ad10689c46dd0e71680c6a', '2006-08-17', '2006-08-17'),
(358, '40c7758f9774b0595b29be4a6b52257e2d3989e3', '2006-08-17', '2006-08-17'),
(359, 'c164b1ccca8b8ad8852dfd04d832ab2905d5044c', '2006-08-17', '2006-08-17'),
(360, 'bc25f04c423f8a22d30adb5ba7f0df1f2f69aaa9', '2006-08-17', '2006-08-17'),
(361, 'c4637a93c9e456c1fd1ae602952e188634ed4da0', '2006-08-17', '2006-08-17'),
(362, '2df88d6d9d9295d82e454960e47624a6ad779bae', '2006-08-17', '2006-08-17'),
(363, 'edfe7b166a34ea3a63229cd855a3e429a61b5b97', '2006-08-17', '2006-08-17'),
(364, '54496d703f17089a13e3bca7f04032abaaf951ad', '2006-08-18', '2006-08-18'),
(365, '982c1a77a2ea086038dc4bbb2ec6db583c04841a', '2006-08-18', '2006-08-18'),
(366, '06453f2871b5e099a228994759d02d14da6167b7', '2006-08-18', '2006-08-18'),
(367, 'bd7418224f7f95deed141f9e89d71f1cd38fda01', '2006-08-18', '2006-08-18'),
(368, 'c3db1ad9d79033c3a605200b7b30c45b5ad30aa4', '2006-08-18', '2006-08-18'),
(369, '3663ffd7549416dc60e6a90528a1ace6d34b3fc5', '2006-08-19', '2006-08-19'),
(370, '3efb6a7a39942c1fe3a40544c6d7f45b3eca607e', '2006-08-21', '2006-08-21'),
(371, '5ea1ef14f05aca5b88aa9fbcf71542e026df180f', '2006-08-21', '2006-08-21'),
(372, '2667f45953be6ac16fbb718ac22d1c7d530e8bb8', '2006-08-21', '2006-08-21'),
(373, 'a4ba520758cf909dfad9c2748ab42102e20979f7', '2006-08-21', '2006-08-21'),
(374, '6cac902bf293317fe8b1dcc85988edd545ef9f63', '2006-08-21', '2006-08-21'),
(375, '211ef4712833e1ee37723282b6de5a00e96d16ec', '2006-08-21', '2006-08-21'),
(376, '8a4ff4176dce654712b6162692a2459e75a3773b', '2006-08-21', '2006-08-21'),
(377, '04295c7c81462659169b5b983abd047d388c8a8c', '2006-08-21', '2006-08-21'),
(378, 'f4bfcc5f3680cc034f0b8c630e8267564bc140bd', '2006-08-22', '2006-08-22'),
(379, '42fc150c9a1b01f3b0897100df337bbfcbd96efa', '2006-08-22', '2006-08-22'),
(380, '85884855f4bbfc1e27e07745ea698f66e316ccc8', '2006-08-22', '2006-08-22'),
(381, '59d1a67a893b8cc869327eedd27fcb8a8f7d9153', '2006-08-22', '2006-08-22'),
(382, 'cdae1c7dbc355c64c285cab037d9bc24d942d8a9', '2006-08-22', '2006-08-22'),
(383, 'ee46562e08a911da461dd54f5f258f72c6fa93af', '2006-08-22', '2006-08-22'),
(384, 'f53e804ba52610309e85faa80a3988b551afd9d6', '2006-08-22', '2006-08-22'),
(385, '454df158245779eac6c89e757efaa6acf9d71199', '2006-08-22', '2006-08-22'),
(386, '76f797abcde0fe2a224b4c8cf9696f0da297c037', '2006-08-22', '2006-08-22'),
(387, 'b0f6ec8d0ce05f66e6619bb6ae5ab1107b2e3b75', '2006-08-22', '2006-08-22'),
(388, '4788ae8ec15029218fb07d4c50117f75b1df9807', '2006-08-23', '2006-08-23'),
(389, 'a41907a802ad3d27d80af3b4f426fd28120d9679', '2006-08-23', '2006-08-23'),
(390, 'c5581dfc754dc886e02cd2c1f060c587edf875e0', '2006-08-23', '2006-08-23'),
(391, '88391b823d647f52c99483fd793fd380d3697a6d', '2006-08-23', '2006-08-23'),
(392, 'a341ed2617b1679df733084aaf7443abf25539aa', '2006-08-24', '2006-08-24'),
(393, 'df28fc22736d4741814e5dc252df405f4bd7443a', '2006-08-24', '2006-08-24'),
(394, 'b9959b26e82f7406daf13b54732e441cea736606', '2006-08-24', '2006-08-24'),
(395, 'dab3ad20e2491673f5a306e3827b17712aa1c462', '2006-08-24', '2006-08-24'),
(396, 'ccf19176e10a48750f24821dcf0d3302a36b0c7d', '2006-08-24', '2006-08-24'),
(397, 'c5fef30b89515e25b62bc8f537c7c95591683a71', '2006-08-25', '2006-08-25'),
(398, '037146c9232ccfdeae86c5039982de5196c02734', '2006-08-25', '2006-08-25'),
(399, 'c4f14abdf3675a33ae4392c589950259b0e316e8', '2006-08-25', '2006-08-25'),
(400, '1dc7d5ec12c1ef5dae188c81a4522353d73b72da', '2006-08-25', '2006-08-25'),
(401, '6bde86b201bf5f57071eb2b05d31b90f4fb59526', '2006-08-25', '2006-08-25'),
(402, '734f362cef75ed68b6cebc8b22b07727e5fea4f9', '2006-08-25', '2006-08-25'),
(403, '63903beb9d315472aa812a25fbd2eef7313ad826', '2006-08-26', '2006-08-26'),
(404, '035e2895fbe13570a5aa1cd098c41d9d3c346a17', '2006-08-26', '2006-08-26'),
(405, '36f319c26f83f6b9986f56a7892707ba0492f931', '2006-09-04', '2006-09-04'),
(406, 'c078bcf814755c89ead139dc91c55a668cc3921f', '2006-09-04', '2006-09-04'),
(407, '195f21105274bd9982d05b1ea23b5a15d3a841e8', '2006-09-04', '2006-09-04'),
(408, '358d33a62e5a65a81ee8789677d9f216d46c7080', '2006-09-04', '2006-09-04'),
(409, '387b82c0b67e60357536b2c7c1e3068ea0a3724a', '2006-09-05', '2006-09-05'),
(410, 'dc13cf8716b277bd792bcfa2bd710a39d820161d', '2006-09-05', '2006-09-05'),
(411, 'b02adb104cfaadf05b81f634950e7d627868d770', '2006-09-05', '2006-09-05');

INSERT INTO tg_visit_identity (`id`, `visit_key`, `user_id) VALUES 
(1, 'c5fef30b89515e25b62bc8f537c7c95591683a71', 1),
(2, '734f362cef75ed68b6cebc8b22b07727e5fea4f9', 1);

INSERT INTO user_group (`group_id`, `id) VALUES 
(1, 1),
(1, 5);

INSERT INTO visit_identity (`id`, `visit_key`, `user_id) VALUES 
(3, 'ff226810a45f8a6134277a5c8b6eb68ba4d34c8d', 1),
(4, '243a4948b23f30a88d8345400af23fcd62a7df5b', 1),
(5, 'aecfb6b16d78641dcee11a8bda19b5a08cd17fed', 1),
(11, '6be30bb363e1d081ce81340d950ee7ee0b172cef', 1),
(12, '64b69d441e52e32a182a00d9114aa8099aac5bb4', 1),
(13, '72806e61562b784d0b6bc80c4be0e297536e2ab0', 1),
(14, '748e407315f751060d35dfd03e1d041e16123f5d', 1),
(15, '28b97006958c591d9e11e4cf10ed911a80fd046a', 1),
(16, '9eac08399ea5f7089064ccb82d5810c929e6f9b5', 1),
(17, '1d1d66a13319df68edb603202f4087307d6925cf', 1),
(18, '589248810e4cccaeb6a0ff605aab4688e15cfbba', 1),
(20, '6c7e3e2d8e32f2e3058acab4d6b7843965e60e3d', 1),
(21, 'd345c6de2776f795326525a74f5b8667b43b6925', 1),
(29, '8eff0b37ec7507fb7d0e1108ca5782d77dba268d', 1),
(25, 'b84512c2c999fd0c9abeac8d33937173e5fd838a', 6),
(30, '04ae96579ead306ade49ea827fce62b001f66123', 1),
(31, 'b26be4bbba7aeb488b15f55f4c8dc7a8ece5995c', 1),
(32, '7af90f42c05e7d036586b6868f1f3216dd74a788', 1),
(33, '3c2e2ffdb6987cc9b885eb92f2f3c5801075e6f6', 1),
(34, 'c4bfc3f1381e78aee315c4d0863331e7b19621d1', 1),
(35, '1adfef41dbf6b0c93d949b7cc9486330ceec5538', 1),
(36, '5d26c6d79a712c5f765dbf6ab7e751cc78be1b3d', 1),
(37, 'c60141fff461f4279a79c8d5491d88480100e64d', 1),
(38, 'eb5a204e77d2c9db4ab9a9d5d75175c6c2b08d48', 1),
(39, '4258eb20047a5acda0d12ad3465041946fcf1c5c', 1),
(40, '8c0d6693af9cd7a94aa131bf1dd6dd190e9eb4b5', 1),
(41, '791c076f5798622901e1169087145de39f8dd1f6', 1),
(42, '7b4b48d17e79858ac7bcc60f8fe776b14a0f330d', 1),
(43, '300fc98ef0d86c2efc5a9ea6cbb7b90606ef2c49', 1),
(44, '8bca03132f76af7627c753c234adc62d2627d18e', 1),
(45, '120670ca512d7ecd52d5aeac807abc2ccb8ba667', 1),
(46, '200aa5e8b0685938f6f76ed843ad032409a47862', 1),
(47, '1b77c25d2c5b212eab233750ca2fb2e903f1e8bd', 1),
(48, 'a1348aa418019c3c687af8e19cab6e8af3fa1919', 1),
(49, 'e8b390f9f780e87d2a72402316a2dfa0abf36333', 1),
(50, '82e546a1501bceb65d13b0d4cd58f84be5ca4b95', 1),
(51, 'f8425287afc887eef3e13609dae5b88af1ef1734', 1),
(52, 'f6362c46db3ed1363e7a7df7d136e5938e957064', 1),
(53, 'b1ce795ec50ba28fcaa34946b299a6f5218272c7', 1),
(54, '1034ef6aae59837127c85f874ead543c03066cc8', 1),
(55, '0608623a3e470d5ec9fcfa928c7caf3d3e754ffa', 1),
(56, '26e6dbe8ee3f0971087a4c500b264fd3dd8f1d85', 1),
(57, '3470e1c7bf22257ed06a5b9b186e27cb1a2b3c5e', 1),
(58, 'e11d14808b3cd32c6c6d78728bb922e6fd58991d', 1),
(60, '059b3434fc65583133615dda9005bd351df618c8', 1),
(61, '27c8a4fa74365656bca30d549d3aceb4d1ac3a00', 1),
(62, '358c688d2001ca2954d512e933b0c5a4bceaa20b', 1),
(63, 'c58b3d011cd5d84aa80a936344faa1b0443bcdb6', 1),
(67, '83184ff85dcd51ec77f80e3ad6f1c845f8f88f8d', 1);

UNLOCK TABLES;
